directory,filename,title,id
data\2020-03-22_21_25\data\downloads\downloaded\audio,title_2001_-_A_Space_Odyssey_-_The_Dawn_of_Man-id_ypEaGQb6dJk-specs_50.webm,2001_-_A_Space_Odyssey_-_The_Dawn_of_Man,ypEaGQb6dJk
data\2020-03-22_21_25\data\downloads\downloaded\audio,title_2001_-_A_Space_Odyssey_1968_-_The_Blue_Danube_waltz_scene_1080p-id_0ZoSYsNADtY-specs_50.webm,2001_-_A_Space_Odyssey_1968_-_The_Blue_Danube_waltz_scene_1080p,0ZoSYsNADtY
data\2020-03-22_21_25\data\downloads\downloaded\audio,title_2010_Alice_in_Wonderland_Alice_falls_down_the_rabbit_hole-id_gftRJdhhEVs-specs_50.webm,2010_Alice_in_Wonderland_Alice_falls_down_the_rabbit_hole,gftRJdhhEVs
data\2020-03-22_21_25\data\downloads\downloaded\audio,title_2018-id_9amM19UO0Ss-specs_50.webm,2018,9amM19UO0Ss
data\2020-03-22_21_25\data\downloads\downloaded\audio,title_300_-_Goodbye_My_Love._He_Doesn_t_Say_It_-_Leonidas_Farewells_Queen_Gorgo_-_Full_HD-id_7tH1Fz,300_-_Goodbye_My_Love._He_Doesn_t_Say_It_-_Leonidas_Farewells_Queen_Gorgo_-_Full_HD,7tH1Fz
data\2020-03-22_21_25\data\downloads\downloaded\audio,title_310_to_Yuma_2007_Ending_Scene-id_ojMr_543ucg-specs_48.m4a,310_to_Yuma_2007_Ending_Scene,ojMr_543ucg
data\2020-03-22_21_25\data\downloads\downloaded\audio,title_4-_Ain_t_Too_Proud_To_Beg_The_Big_Chill_Lawrence_Kasdan-id_VyENk36LuXs-specs_48.m4a,4-_Ain_t_Too_Proud_To_Beg_The_Big_Chill_Lawrence_Kasdan,VyENk36LuXs
data\2020-03-22_21_25\data\downloads\downloaded\audio,title_8_Mile_2002_-_Rabbit_Battles_Lil_Tic_Scene_1_10_Movieclips-id_DHMF-bVxlkc-specs_50.webm,8_Mile_2002_-_Rabbit_Battles_Lil_Tic_Scene_1_10_Movieclips,DHMF
data\2020-03-22_21_25\data\downloads\downloaded\audio,title_8_Mile_2002_-_Rabbit_Battles_Papa_Doc_Scene_10_10_Movieclips-id_F2hiFbuQ-Qw-specs_50.webm,8_Mile_2002_-_Rabbit_Battles_Papa_Doc_Scene_10_10_Movieclips,F2hiFbuQ
data\2020-03-22_21_25\data\downloads\downloaded\audio,title_Ace_Ventura_-_When_Nature_Calls_Monster_Truck_Scene-id_LGxgRSwws3Q-specs_50.webm,Ace_Ventura_-_When_Nature_Calls_Monster_Truck_Scene,LGxgRSwws3Q
data\2020-03-22_21_25\data\downloads\downloaded\audio,title_Ain_t_No_Sunshine_Notting_Hill_SceneScreen-id_Ce_BXD_ONQ8-specs_50.webm,Ain_t_No_Sunshine_Notting_Hill_SceneScreen,Ce_BXD_ONQ8
data\2020-03-22_21_25\data\downloads\downloaded\audio,title_Almost_Famous_-_Tiny_Dancer-id__qW9wqUI4Lg-specs_50.webm,Almost_Famous_-_Tiny_Dancer,_qW9wqUI4Lg
data\2020-03-22_21_25\data\downloads\downloaded\audio,title_American_Beauty_Dance_Scene_HD-id_8a90BAwsvlA-specs_50.webm,American_Beauty_Dance_Scene_HD,8a90BAwsvlA
data\2020-03-22_21_25\data\downloads\downloaded\audio,title_AMERICAN_BEAUTY_~_Plastic_Bag_Scene_HD-id_Qssvnjj5Moo-specs_50.webm,AMERICAN_BEAUTY_~_Plastic_Bag_Scene_HD,Qssvnjj5Moo
data\2020-03-22_21_25\data\downloads\downloaded\audio,title_Andrei_Tarkovsky_s_Stalker_Scenes-id_6CZk0CusOHQ-specs_50.webm,Andrei_Tarkovsky_s_Stalker_Scenes,6CZk0CusOHQ
data\2020-03-22_21_25\data\downloads\downloaded\audio,title_Apocalypse_Now_-_Air_Cav_-_Valkyrie_HD-id_KlsfM2BmsJU-specs_50.webm,Apocalypse_Now_-_Air_Cav_-_Valkyrie_HD,KlsfM2BmsJU
data\2020-03-22_21_25\data\downloads\downloaded\audio,title_Apocalypse_Now_intro_-_The_Doors_The_End_1979-id_CIrvSJwwJUE-specs_50.webm,Apocalypse_Now_intro_-_The_Doors_The_End_1979,CIrvSJwwJUE
data\2020-03-22_21_25\data\downloads\downloaded\audio,title_Aretha_Franklin_Think_The_Blues_Brothers_1980-id_xYtouKwkXLI-specs_50.webm,Aretha_Franklin_Think_The_Blues_Brothers_1980,xYtouKwkXLI
data\2020-03-22_21_25\data\downloads\downloaded\audio,title_Avengers_Assemble_scene_-_Avengers_4_-_Endgame-id_VUTEl1CoHVM-specs_50.webm,Avengers_Assemble_scene_-_Avengers_4_-_Endgame,VUTEl1CoHVM
data\2020-03-22_21_25\data\downloads\downloaded\audio,title_A_trip_to_bergamo_call_me_by_your_name_movie_scene-id_3pjCvhROoLY-specs_50.webm,A_trip_to_bergamo_call_me_by_your_name_movie_scene,3pjCvhROoLY
data\2020-03-22_21_25\data\downloads\downloaded\audio,title_Batman_Saves_Rachel_Tumbler_Chase_-_Batman_Begins_4K_Ultra_HD-id_ouVIyC_YQOg-specs_50.webm,Batman_Saves_Rachel_Tumbler_Chase_-_Batman_Begins_4K_Ultra_HD,ouVIyC_YQOg
data\2020-03-22_21_25\data\downloads\downloaded\audio,title_Baywatch_2017_-_The_Big_Boy_Competition_Scene_2_10_Movieclips-id_WDuIl_uPY_s-specs_50.webm,Baywatch_2017_-_The_Big_Boy_Competition_Scene_2_10_Movieclips,WDuIl_uPY_s
data\2020-03-22_21_25\data\downloads\downloaded\audio,title_Beetlejuice_-_Day-o_Banana_Boat_Song-id_AQXVHITd1N4-specs_50.webm,Beetlejuice_-_Day-o_Banana_Boat_Song,AQXVHITd1N4
data\2020-03-22_21_25\data\downloads\downloaded\audio,title_Beetlejuice_1988_-_End_Credit_Scene_-_Jump_In_The_Line_Shake_Senora-id_0eC4G1Zw0Co-specs_50.w,Beetlejuice_1988_-_End_Credit_Scene_-_Jump_In_The_Line_Shake_Senora,0eC4G1Zw0Co
data\2020-03-22_21_25\data\downloads\downloaded\audio,title_Best_background_music_of_indian_film_bahubali.....-id_UFE5XWXF8Z4-specs_50.webm,Best_background_music_of_indian_film_bahubali.....,UFE5XWXF8Z4
data\2020-03-22_21_25\data\downloads\downloaded\audio,title_Big_Fish_8_8_Movie_CLIP_-_The_Story_of_My_Life_2003_HD-id_RAvoR20o9s4-specs_50.webm,Big_Fish_8_8_Movie_CLIP_-_The_Story_of_My_Life_2003_HD,RAvoR20o9s4
data\2020-03-22_21_25\data\downloads\downloaded\audio,title_Big_Lebowski_Dream_Part-id_z92bykaeV4o-specs_50.webm,Big_Lebowski_Dream_Part,z92bykaeV4o
data\2020-03-22_21_25\data\downloads\downloaded\audio,title_Billy_Elliot_-_London_Calling_The_Clash-id_iUkIb9ZV9NQ-specs_48.m4a,Billy_Elliot_-_London_Calling_The_Clash,iUkIb9ZV9NQ
data\2020-03-22_21_25\data\downloads\downloaded\audio,title_Bitter_Sweet_Symphony_Cruel_Intentions_-_Ending_scene_extended-id_UIkWIg0bV5Y-specs_50.webm,Bitter_Sweet_Symphony_Cruel_Intentions_-_Ending_scene_extended,UIkWIg0bV5Y
data\2020-03-22_21_25\data\downloads\downloaded\audio,title_Bohemian_Rhapsody_Wayne_s_World_HD-id_thyJOnasHVE-specs_50.webm,Bohemian_Rhapsody_Wayne_s_World_HD,thyJOnasHVE
data\2020-03-22_21_25\data\downloads\downloaded\audio,title_Breakfast_at_Tiffany_s_3_9_Movie_CLIP_-_Moon_River_1961_HD-id_uirBWk-qd9A-specs_50.webm,Breakfast_at_Tiffany_s_3_9_Movie_CLIP_-_Moon_River_1961_HD,uirBWk
data\2020-03-22_21_25\data\downloads\downloaded\audio,title_Breakfast_at_Tiffany_s_Opening_Scene_-_HQ-id_1JfS90u-1g8-specs_50.webm,Breakfast_at_Tiffany_s_Opening_Scene_-_HQ,1JfS90u
data\2020-03-22_21_25\data\downloads\downloaded\audio,title_Bullitt_-_Prelude_to_a_Chase-id_qgQfm0yW9aE-specs_50.webm,Bullitt_-_Prelude_to_a_Chase,qgQfm0yW9aE
data\2020-03-22_21_25\data\downloads\downloaded\audio,title_Butch_Cassidy_Sundance_Kid_Movie_-_Bicycle_Scene-id_m8-vMP2_K7k-specs_50.webm,Butch_Cassidy_Sundance_Kid_Movie_-_Bicycle_Scene,m8
data\2020-03-22_21_25\data\downloads\downloaded\audio,title_Carmen_-_Habanera-id_uV9iGv4sKNI-specs_50.webm,Carmen_-_Habanera,uV9iGv4sKNI
data\2020-03-22_21_25\data\downloads\downloaded\audio,title_Casablanca_Play_it_again_Sam_Scene_HD_Sub-id_w3ruUJSgtzY-specs_50.webm,Casablanca_Play_it_again_Sam_Scene_HD_Sub,w3ruUJSgtzY
data\2020-03-22_21_25\data\downloads\downloaded\audio,title_Casadh_an_Tsugain_-_Frankie_s_Song_Iarla_O_Lionaird_Cutscene_-_Brooklyn_Movie-id_5ZwneauRgX8-,Casadh_an_Tsugain_-_Frankie_s_Song_Iarla_O_Lionaird_Cutscene_-_Brooklyn_Movie,5ZwneauRgX8
data\2020-03-22_21_25\data\downloads\downloaded\audio,title_Charlie_Chaplin_-_Factory_Scene_-_Modern_Times_1936-id_6n9ESFJTnHs-specs_50.webm,Charlie_Chaplin_-_Factory_Scene_-_Modern_Times_1936,6n9ESFJTnHs
data\2020-03-22_21_25\data\downloads\downloaded\audio,title_Charlie_s_Angels_-_Full_Throttle_-_Last_Dance_Scene_7_10_Movieclips-id_i6oNzS6kCR8-specs_50.w,Charlie_s_Angels_-_Full_Throttle_-_Last_Dance_Scene_7_10_Movieclips,i6oNzS6kCR8
data\2020-03-22_21_25\data\downloads\downloaded\audio,title_Charlie_s_Angels_-_Full_Throttle_-_Striptease_Distraction_Scene_4_10_Movieclips-id_bn_Df5UNy3,Charlie_s_Angels_-_Full_Throttle_-_Striptease_Distraction_Scene_4_10_Movieclips,bn_Df5UNy3
data\2020-03-22_21_25\data\downloads\downloaded\audio,title_Claire_Forlani_Freddie_Prinze_Jr_Dance_Scene_HD-id_s9KjwSW653g-specs_50.webm,Claire_Forlani_Freddie_Prinze_Jr_Dance_Scene_HD,s9KjwSW653g
data\2020-03-22_21_25\data\downloads\downloaded\audio,title_Clair_de_lune_Ocean_s_Eleven-id_Cfu9s89C-pc-specs_50.webm,Clair_de_lune_Ocean_s_Eleven,Cfu9s89C
data\2020-03-22_21_25\data\downloads\downloaded\audio,title_Crazy_Stupid_Love_-_The_Big_Move-id_9vSKyFA5F9Y-specs_50.webm,Crazy_Stupid_Love_-_The_Big_Move,9vSKyFA5F9Y
data\2020-03-22_21_25\data\downloads\downloaded\audio,title_Creedence_Clearwater_Revival_-_Fortunate_Son_._.Forrest_Gump-id__Nc8eLO4K_g-specs_50.webm,Creedence_Clearwater_Revival_-_Fortunate_Son_._.Forrest_Gump,_Nc8eLO4K_g
data\2020-03-22_21_25\data\downloads\downloaded\audio,title_Dances_With_Wolves_-_John_Dunbar_Discovers_Stands_With_A_Fist_and_the_Sioux_Village-id_VxpOzg,Dances_With_Wolves_-_John_Dunbar_Discovers_Stands_With_A_Fist_and_the_Sioux_Village,VxpOzg
data\2020-03-22_21_25\data\downloads\downloaded\audio,title_Dances_With_Wolves_-_the_buffalo_hunt_scene_HD-id_h9kQtd4_WcU-specs_50.webm,Dances_With_Wolves_-_the_buffalo_hunt_scene_HD,h9kQtd4_WcU
data\2020-03-22_21_25\data\downloads\downloaded\audio,title_Dangerous_Minds_Gangsta_s_Paradise_-_Coolio-id_bKM9qXqGmgo-specs_50.webm,Dangerous_Minds_Gangsta_s_Paradise_-_Coolio,bKM9qXqGmgo
data\2020-03-22_21_25\data\downloads\downloaded\audio,title_DARK_characters_-_past_and_present_-_Familiar_by_Agnes_Obel-id_zfFJ5iOSrMU-specs_50.webm,DARK_characters_-_past_and_present_-_Familiar_by_Agnes_Obel,zfFJ5iOSrMU
data\2020-03-22_21_25\data\downloads\downloaded\audio,title_Demi_Moore_-_Striptease-id_FoKaKlwzK1s-specs_50.webm,Demi_Moore_-_Striptease,FoKaKlwzK1s
data\2020-03-22_21_25\data\downloads\downloaded\audio,title_Dirty_dancing_2_-_Havana_dance_contest-id_oxON_Z_qPKM-specs_50.webm,Dirty_dancing_2_-_Havana_dance_contest,oxON_Z_qPKM
data\2020-03-22_21_25\data\downloads\downloaded\audio,title_Django_Unchained_The_escape_scene-id__bgZ-24Tx_4-specs_50.webm,Django_Unchained_The_escape_scene,_bgZ
data\2020-03-22_21_25\data\downloads\downloaded\audio,title_Down_in_Mexico_by_The_Coasters_from_Death_Proof-id_-_fZDvxpXEI-specs_50.webm,Down_in_Mexico_by_The_Coasters_from_Death_Proof,
data\2020-03-22_21_25\data\downloads\downloaded\audio,title_Dracula_dead_and_loving_it-id_XQtDFTUm370-specs_50.webm,Dracula_dead_and_loving_it,XQtDFTUm370
data\2020-03-22_21_25\data\downloads\downloaded\audio,title_Drive_A_Real_Hero_Best_Scene-id_VMXVD3dP_lY-specs_48.m4a,Drive_A_Real_Hero_Best_Scene,VMXVD3dP_lY
data\2020-03-22_21_25\data\downloads\downloaded\audio,title_Easy_A_2010_-_Bad_Reputation_Scene_4_10_Movieclips-id_wJZP20y0R2Q-specs_50.webm,Easy_A_2010_-_Bad_Reputation_Scene_4_10_Movieclips,wJZP20y0R2Q
data\2020-03-22_21_25\data\downloads\downloaded\audio,title_Easy_Rider_-_Intro_-_Born_to_be_wild-id_J1cDECkN2xg-specs_50.webm,Easy_Rider_-_Intro_-_Born_to_be_wild,J1cDECkN2xg
data\2020-03-22_21_25\data\downloads\downloaded\audio,title_Easy_Rider_Wasn_t_Born_To_Follow_02-id_SUS0TR0M0iA-specs_50.webm,Easy_Rider_Wasn_t_Born_To_Follow_02,SUS0TR0M0iA
data\2020-03-22_21_25\data\downloads\downloaded\audio,title_Easy_Virtue_2008_-_Jessica_Biel_and_Kimberley_Nixon_French_Cancan-id_PVBfTNCcIhI-specs_50.webm,Easy_Virtue_2008_-_Jessica_Biel_and_Kimberley_Nixon_French_Cancan,PVBfTNCcIhI
data\2020-03-22_21_25\data\downloads\downloaded\audio,title_El_Tango_De_Roxanne-_Moulin_Rouge-id_Rn0xXo1gwGY-specs_50.webm,El_Tango_De_Roxanne-_Moulin_Rouge,Rn0xXo1gwGY
data\2020-03-22_21_25\data\downloads\downloaded\audio,title_Epic_Movie_Scenes_-_The_Matrix_Reloaded_Chateau_Fight_Scene-id_3WfR87K5zW8-specs_50.webm,Epic_Movie_Scenes_-_The_Matrix_Reloaded_Chateau_Fight_Scene,3WfR87K5zW8
data\2020-03-22_21_25\data\downloads\downloaded\audio,title_Eternal_Sunshine_of_the_Spotless_Mind_-_Ending-id_wsZSZ_vcCvA-specs_50.webm,Eternal_Sunshine_of_the_Spotless_Mind_-_Ending,wsZSZ_vcCvA
data\2020-03-22_21_25\data\downloads\downloaded\audio,title_Eternity_and_a_Day_-_Theo_Angelopoulos-id_0eU2y9R7lto-specs_50.webm,Eternity_and_a_Day_-_Theo_Angelopoulos,0eU2y9R7lto
data\2020-03-22_21_25\data\downloads\downloaded\audio,title_Eternity_and_a_day_excerpt_from_the_finale-id_uFWmeD2EARk-specs_50.webm,Eternity_and_a_day_excerpt_from_the_finale,uFWmeD2EARk
data\2020-03-22_21_25\data\downloads\downloaded\audio,title_Fast_Times_at_Ridgemont_High-id_z3bCc8xYAuQ-specs_48.m4a,Fast_Times_at_Ridgemont_High,z3bCc8xYAuQ
data\2020-03-22_21_25\data\downloads\downloaded\audio,title_Ferris_Bueller_s_Day_Off-_Twist_Shout-id_81ZtmBAA_NE-specs_50.webm,Ferris_Bueller_s_Day_Off-_Twist_Shout,81ZtmBAA_NE
data\2020-03-22_21_25\data\downloads\downloaded\audio,title_Ferris_Bueller_s_Day_Off_86_-_End_Credits-id_i_wrUmygRDA-specs_48.m4a,Ferris_Bueller_s_Day_Off_86_-_End_Credits,i_wrUmygRDA
data\2020-03-22_21_25\data\downloads\downloaded\audio,title_Fifty_Shades_of_Grey_-_Helicopter_scene-id_u7T_-7wgLIc-specs_50.webm,Fifty_Shades_of_Grey_-_Helicopter_scene,u7T_
data\2020-03-22_21_25\data\downloads\downloaded\audio,title_For_a_Few_Dollars_More_-_Clint_Eastwood_s_Entrance_1965_HD-id_M-k_BW8iLkk-specs_50.webm,For_a_Few_Dollars_More_-_Clint_Eastwood_s_Entrance_1965_HD,M
data\2020-03-22_21_25\data\downloads\downloaded\audio,title_For_a_Few_Dollars_More_-_Final_Duel_1965_HD-id_0JPnR7C8mZQ-specs_50.webm,For_a_Few_Dollars_More_-_Final_Duel_1965_HD,0JPnR7C8mZQ
data\2020-03-22_21_25\data\downloads\downloaded\audio,title_Full_Metal_Jacket_Opening_Song_Hello_Vietnam_By_Johnnie_Wright-id_futq_Lrayes-specs_50.webm,Full_Metal_Jacket_Opening_Song_Hello_Vietnam_By_Johnnie_Wright,futq_Lrayes
data\2020-03-22_21_25\data\downloads\downloaded\audio,title_Funny_Dance_Scene-_Johnny_English_Strikes_Agin_Funny_Dance_Full_Movie_Scene-id_BL5cBtbokgA-sp,Funny_Dance_Scene-_Johnny_English_Strikes_Agin_Funny_Dance_Full_Movie_Scene,BL5cBtbokgA
data\2020-03-22_21_25\data\downloads\downloaded\audio,title_Ghostbusters_-_First_Call_Scene-id_byiGKBzIu-8-specs_50.webm,Ghostbusters_-_First_Call_Scene,byiGKBzIu
data\2020-03-22_21_25\data\downloads\downloaded\audio,title_Gladiator_2000_Ending_Scene_HD-id_CA_N_QVxbKg-specs_50.webm,Gladiator_2000_Ending_Scene_HD,CA_N_QVxbKg
data\2020-03-22_21_25\data\downloads\downloaded\audio,title_goodfellas_-_jimmy_conway-id_yDSAieOq4AE-specs_50.webm,goodfellas_-_jimmy_conway,yDSAieOq4AE
data\2020-03-22_21_25\data\downloads\downloaded\audio,title_Good_Will_Hunting_Closing_Scene_Elliott_Smith-_Miss_Misery-id_T5qajitmZd0-specs_50.webm,Good_Will_Hunting_Closing_Scene_Elliott_Smith-_Miss_Misery,T5qajitmZd0
data\2020-03-22_21_25\data\downloads\downloaded\audio,title_Grease_1978_-_Hopelessly_Devoted_to_You_Scene_4_10_Movieclips-id_aqIYxDk4vh8-specs_50.webm,Grease_1978_-_Hopelessly_Devoted_to_You_Scene_4_10_Movieclips,aqIYxDk4vh8
data\2020-03-22_21_25\data\downloads\downloaded\audio,title_Grease_1978_-_Sandy_Scene_9_10_Movieclips-id__ZfmXzIbHI8-specs_50.webm,Grease_1978_-_Sandy_Scene_9_10_Movieclips,_ZfmXzIbHI8
data\2020-03-22_21_25\data\downloads\downloaded\audio,title_Grease_1978_-_Thunder_Road_Race_Scene_10_10_Movieclips-id_HsYC-hVEpQM-specs_50.webm,Grease_1978_-_Thunder_Road_Race_Scene_10_10_Movieclips,HsYC
data\2020-03-22_21_25\data\downloads\downloaded\audio,title_GREAT_SCENE_-_The_Graduate_finale-id_ahFARm2j38c-specs_50.webm,GREAT_SCENE_-_The_Graduate_finale,ahFARm2j38c
data\2020-03-22_21_25\data\downloads\downloaded\audio,title_Guardians_Of_The_Galaxy_2014_-_Opening_Credits_Scene_-_Starlord_Dance-id_JNlnQwHWSYw-specs_50,Guardians_Of_The_Galaxy_2014_-_Opening_Credits_Scene_-_Starlord_Dance,JNlnQwHWSYw
data\2020-03-22_21_25\data\downloads\downloaded\audio,title_HD_LOTR_Aragorn_s_Song-id_cHjt9Q00sp4-specs_50.webm,HD_LOTR_Aragorn_s_Song,cHjt9Q00sp4
data\2020-03-22_21_25\data\downloads\downloaded\audio,title_Home_Alone_1990_-_Kevin_Washes_Up_Scene_1_5_Movieclips-id__qu4ZBCU6Fc-specs_50.webm,Home_Alone_1990_-_Kevin_Washes_Up_Scene_1_5_Movieclips,_qu4ZBCU6Fc
data\2020-03-22_21_25\data\downloads\downloaded\audio,title_Hook_1991_-_You_Are_the_Pan-id_cwpWcdy3vNI-specs_50.webm,Hook_1991_-_You_Are_the_Pan,cwpWcdy3vNI
data\2020-03-22_21_25\data\downloads\downloaded\audio,title_Hotel_Transylvania_2012_-_The_Zing_Song_Scene_10_10_Movieclips-id__AgBIeTHzTM-specs_50.webm,Hotel_Transylvania_2012_-_The_Zing_Song_Scene_10_10_Movieclips,_AgBIeTHzTM
data\2020-03-22_21_25\data\downloads\downloaded\audio,title_Hotel_Transylvania_3_2018_-_DJ_Battle_Scene_10_10_Movieclips-id_43OVm86-4rU-specs_50.webm,Hotel_Transylvania_3_2018_-_DJ_Battle_Scene_10_10_Movieclips,43OVm86
data\2020-03-22_21_25\data\downloads\downloaded\audio,title_Hunger_Games_Mockingjay_Hanging_Tree_Scene_+_District_5_Hydroelectric_Dam_Attack-id_0Y1EmA2CU,Hunger_Games_Mockingjay_Hanging_Tree_Scene_+_District_5_Hydroelectric_Dam_Attack,0Y1EmA2CU
data\2020-03-22_21_25\data\downloads\downloaded\audio,title_Hungry_Eyes_-_Dirty_Dancing_2_12_Movie_CLIP_1987_HD-id_-sYKI4A3uhc-specs_50.webm,Hungry_Eyes_-_Dirty_Dancing_2_12_Movie_CLIP_1987_HD,
data\2020-03-22_21_25\data\downloads\downloaded\audio,title_Il_Postino_scene_5-6-id_OQfusjHRO4s-specs_50.webm,Il_Postino_scene_5-6,OQfusjHRO4s
data\2020-03-22_21_25\data\downloads\downloaded\audio,title_INCEPTION_Movie_Best_Scene-id_TAbbJT0ZXmk-specs_50.webm,INCEPTION_Movie_Best_Scene,TAbbJT0ZXmk
data\2020-03-22_21_25\data\downloads\downloaded\audio,title_Inglourious_Basterds_6_9_Movie_CLIP_-_Ready_for_Revenge_2009_HD-id_6m5KyzSNu3s-specs_50.webm,Inglourious_Basterds_6_9_Movie_CLIP_-_Ready_for_Revenge_2009_HD,6m5KyzSNu3s
data\2020-03-22_21_25\data\downloads\downloaded\audio,title_Iron_Man_2_Entrance_Scene_Full_HD_Shoot_to_Thrill-id_4LIIhSHgjTw-specs_50.webm,Iron_Man_2_Entrance_Scene_Full_HD_Shoot_to_Thrill,4LIIhSHgjTw
data\2020-03-22_21_25\data\downloads\downloaded\audio,title_Jaws_1975_-_Brody_Kills_the_Beast_Scene_10_10_Movieclips-id_FpxOLhuNXfM-specs_50.webm,Jaws_1975_-_Brody_Kills_the_Beast_Scene_10_10_Movieclips,FpxOLhuNXfM
data\2020-03-22_21_25\data\downloads\downloaded\audio,title_Jennifer_Aniston_Striptease_We_re_the_Millers-id_XaeoPz9NlF4-specs_50.webm,Jennifer_Aniston_Striptease_We_re_the_Millers,XaeoPz9NlF4
data\2020-03-22_21_25\data\downloads\downloaded\audio,title_Joe_Esposito_-_You_re_The_Best_Around_Karate_Kid_soundtrack-id_oomCIXGzsR0-specs_50.webm,Joe_Esposito_-_You_re_The_Best_Around_Karate_Kid_soundtrack,oomCIXGzsR0
data\2020-03-22_21_25\data\downloads\downloaded\audio,title_Joker_Stairs_Dance_Complete_Scene_4K-id_NgrM4_JMi9w-specs_50.webm,Joker_Stairs_Dance_Complete_Scene_4K,NgrM4_JMi9w
data\2020-03-22_21_25\data\downloads\downloaded\audio,title_Jupiter_and_Beyond_the_Infinite_Part_I-id_Imbxqv_5TJU-specs_50.webm,Jupiter_and_Beyond_the_Infinite_Part_I,Imbxqv_5TJU
data\2020-03-22_21_25\data\downloads\downloaded\audio,title_Just_Like_Honey_-_The_Jesus_and_Mary_Chain_Lost_in_Translation_ending_scene-id_gOpXt30kZCw-sp,Just_Like_Honey_-_The_Jesus_and_Mary_Chain_Lost_in_Translation_ending_scene,gOpXt30kZCw
data\2020-03-22_21_25\data\downloads\downloaded\audio,title_Kill_Bill_-_Vol._1_11_12_Movie_CLIP_-_Showdown_at_the_House_of_Blue_Leaves_2003_HD-id_EajaioM,Kill_Bill_-_Vol._1_11_12_Movie_CLIP_-_Showdown_at_the_House_of_Blue_Leaves_2003_HD,EajaioM
data\2020-03-22_21_25\data\downloads\downloaded\audio,title_Kingsman_-_The_Golden_Circle_-_Whiskey_End_Fight_Scene-id_Mt-ZN5wzLdQ-specs_50.webm,Kingsman_-_The_Golden_Circle_-_Whiskey_End_Fight_Scene,Mt
data\2020-03-22_21_25\data\downloads\downloaded\audio,title_KINGSMAN_-_THE_SECRET_SERVICE_Movie_Clip_-_Church_Massacre_4K_ULTRA_HD_Colin_Firth_Action_201, , 
data\2020-03-22_21_25\data\downloads\downloaded\audio,title_Koyaanisqatsi_-_Ending_Scene_Best_Quality-id_OacVy8_nJi0-specs_50.webm,Koyaanisqatsi_-_Ending_Scene_Best_Quality,OacVy8_nJi0
data\2020-03-22_21_25\data\downloads\downloaded\audio,title_Koyaanisqatsi_-_Prophecies_part_1-id_yBqcXU0t_Xc-specs_48.m4a,Koyaanisqatsi_-_Prophecies_part_1,yBqcXU0t_Xc
data\2020-03-22_21_25\data\downloads\downloaded\audio,title_La_La_Land_-_City_of_stars_scene-id_FJjPdUagmKM-specs_50.webm,La_La_Land_-_City_of_stars_scene,FJjPdUagmKM
data\2020-03-22_21_25\data\downloads\downloaded\audio,title_Life_Is_Beautiful_Ending-id_K7FW7t-N4jI-specs_50.webm,Life_Is_Beautiful_Ending,K7FW7t
data\2020-03-22_21_25\data\downloads\downloaded\audio,title_Lighting_of_the_Beacons_-_The_Lord_of_the_Rings_-_The_Return_of_the_King-id_QhRFaY8A9cA-specs,Lighting_of_the_Beacons_-_The_Lord_of_the_Rings_-_The_Return_of_the_King,QhRFaY8A9cA
data\2020-03-22_21_25\data\downloads\downloaded\audio,title_Lola_Rennt_-_Ende-id_5Vb52h76tKI-specs_50.webm,Lola_Rennt_-_Ende,5Vb52h76tKI
data\2020-03-22_21_25\data\downloads\downloaded\audio,title_Lord_Of_The_Rings_ROTK_-_Battle_At_The_Black_Gate_HD_High_Quality-id_17_ImViPryQ-specs_50.webm,Lord_Of_The_Rings_ROTK_-_Battle_At_The_Black_Gate_HD_High_Quality,17_ImViPryQ
data\2020-03-22_21_25\data\downloads\downloaded\audio,title_LOTR_The_Return_of_the_King_-_The_Ride_of_the_Rohirrim-id_Pis3veqKl8k-specs_50.webm,LOTR_The_Return_of_the_King_-_The_Ride_of_the_Rohirrim,Pis3veqKl8k
data\2020-03-22_21_25\data\downloads\downloaded\audio,title_Love_Actually_-_Hugh_Grant_dancing-id_aUm2K6eDuMU-specs_50.webm,Love_Actually_-_Hugh_Grant_dancing,aUm2K6eDuMU
data\2020-03-22_21_25\data\downloads\downloaded\audio,title_Love_Actually_-_To_me_you_are_perfect-id_B7u6bMBlCXw-specs_50.webm,Love_Actually_-_To_me_you_are_perfect,B7u6bMBlCXw
data\2020-03-22_21_25\data\downloads\downloaded\audio,title_Love_Is_Strange_-_Dirty_Dancing_7_12_Movie_CLIP_1987_HD-id_aiilV691CzY-specs_50.webm,Love_Is_Strange_-_Dirty_Dancing_7_12_Movie_CLIP_1987_HD,aiilV691CzY
data\2020-03-22_21_25\data\downloads\downloaded\audio,title_Ludovico_einaudi_-_una_mattina_intouchables_ending-id_rq2EnikiWp8-specs_50.webm,Ludovico_einaudi_-_una_mattina_intouchables_ending,rq2EnikiWp8
data\2020-03-22_21_25\data\downloads\downloaded\audio,title_Mamma_Mia_2008_-_Dancing_Queen_Scene_3_10_Movieclips-id_QRoWiTcO7dk-specs_50.webm,Mamma_Mia_2008_-_Dancing_Queen_Scene_3_10_Movieclips,QRoWiTcO7dk
data\2020-03-22_21_25\data\downloads\downloaded\audio,title_Man_On_Fire_Final_Scene_Complete-id_tlgz71v1oIk-specs_50.webm,Man_On_Fire_Final_Scene_Complete,tlgz71v1oIk
data\2020-03-22_21_25\data\downloads\downloaded\audio,title_Massive_Attack_v_Mos_Def_-_I_Against_I_Blade_2-id__fkUccUFShs-specs_50.webm,Massive_Attack_v_Mos_Def_-_I_Against_I_Blade_2,_fkUccUFShs
data\2020-03-22_21_25\data\downloads\downloaded\audio,title_Matrix_Reloaded_Music_scene_-_Burly_Brawl_-_Neo_vs_Smiths-id_bb8KZps4woA-specs_50.webm,Matrix_Reloaded_Music_scene_-_Burly_Brawl_-_Neo_vs_Smiths,bb8KZps4woA
data\2020-03-22_21_25\data\downloads\downloaded\audio,title_Mean_Streets_-_De_Niro_s_entrance-id_WZ7UwnfQ2nA-specs_50.webm,Mean_Streets_-_De_Niro_s_entrance,WZ7UwnfQ2nA
data\2020-03-22_21_25\data\downloads\downloaded\audio,title_Meet_Joe_Black_Lovemaking_Scene-id_4nrYZh4Qwrs-specs_50.webm,Meet_Joe_Black_Lovemaking_Scene,4nrYZh4Qwrs
data\2020-03-22_21_25\data\downloads\downloaded\audio,title_MIDNIGHT_COWBOY_-_EVERYBODY_S_TALKIN_-_NILSSON-id_9lb5LdJ7cLc-specs_50.webm,MIDNIGHT_COWBOY_-_EVERYBODY_S_TALKIN_-_NILSSON,9lb5LdJ7cLc
data\2020-03-22_21_25\data\downloads\downloaded\audio,title_Midnight_in_Paris_Intro_Scene-id_JABOZpoBYQE-specs_50.webm,Midnight_in_Paris_Intro_Scene,JABOZpoBYQE
data\2020-03-22_21_25\data\downloads\downloaded\audio,title_Missing_Bruce_Springsteen_---The_Crossing_Guard_1995-id_3h8FG3XsfPY-specs_50.webm,Missing_Bruce_Springsteen_---The_Crossing_Guard_1995,3h8FG3XsfPY
data\2020-03-22_21_25\data\downloads\downloaded\audio,title_Mission_Bean_Funny_Clips_Official_Mr._Bean-id_mwMUJg2mfII-specs_50.webm,Mission_Bean_Funny_Clips_Official_Mr._Bean,mwMUJg2mfII
data\2020-03-22_21_25\data\downloads\downloaded\audio,title_Moulin_Rouge_-_02_Because_We_Can_Full_HD-id_xCIzxvCs4jA-specs_50.webm,Moulin_Rouge_-_02_Because_We_Can_Full_HD,xCIzxvCs4jA
data\2020-03-22_21_25\data\downloads\downloaded\audio,title_Mr.Bean_s_Holiday_Dance_Scene_HD-id_0U9hKBEGLN8-specs_50.webm,Mr.Bean_s_Holiday_Dance_Scene_HD,0U9hKBEGLN8
data\2020-03-22_21_25\data\downloads\downloaded\audio,title_Noodles_I_slipped.._-_Once_Upon_A_Time_In_America_HD-id__McyI1IQfcM-specs_50.webm,Noodles_I_slipped.._-_Once_Upon_A_Time_In_America_HD,_McyI1IQfcM
data\2020-03-22_21_25\data\downloads\downloaded\audio,title_Number23_Fabrizia_Scene_She_Wants_Revenge_Tear_You_Apart-id_k8FLsZyA3kM-specs_50.webm,Number23_Fabrizia_Scene_She_Wants_Revenge_Tear_You_Apart,k8FLsZyA3kM
data\2020-03-22_21_25\data\downloads\downloaded\audio,title_Oceans_thirteen_MONTAGE_sequence-id_H1MzGHGwP90-specs_50.webm,Oceans_thirteen_MONTAGE_sequence,H1MzGHGwP90
data\2020-03-22_21_25\data\downloads\downloaded\audio,title_Oceans_Twelve_Laser_Dance-id_mr834Cs9ncs-specs_50.webm,Oceans_Twelve_Laser_Dance,mr834Cs9ncs
data\2020-03-22_21_25\data\downloads\downloaded\audio,title_Office_Space_-_Printer_Scene_UNCENSORED-id_N9wsjroVlu8-specs_50.webm,Office_Space_-_Printer_Scene_UNCENSORED,N9wsjroVlu8
data\2020-03-22_21_25\data\downloads\downloaded\audio,title_Once_Upon_A_Time_In_America_-_Noodles_peeping_scene_1080p-id_0diCvgWv_ng-specs_48.m4a,Once_Upon_A_Time_In_America_-_Noodles_peeping_scene_1080p,0diCvgWv_ng
data\2020-03-22_21_25\data\downloads\downloaded\audio,title_Once_Upon_A_Time_In_America_-_Remember-id_2QzV99L4XIg-specs_50.webm,Once_Upon_A_Time_In_America_-_Remember,2QzV99L4XIg
data\2020-03-22_21_25\data\downloads\downloaded\audio,title_Once_upon_a_time_in_America_-_Yesterday_High_Quality-id_TgGqdAAyJSQ-specs_50.webm,Once_upon_a_time_in_America_-_Yesterday_High_Quality,TgGqdAAyJSQ
data\2020-03-22_21_25\data\downloads\downloaded\audio,title_Peppermint_1999_4_-Greek_film-id_3CZS69awf5I-specs_48.m4a,Peppermint_1999_4_-Greek_film,3CZS69awf5I
data\2020-03-22_21_25\data\downloads\downloaded\audio,title_Phantom_Of_The_Opera_-_Masquerade-id_8Bn4BAlp8NQ-specs_50.webm,Phantom_Of_The_Opera_-_Masquerade,8Bn4BAlp8NQ
data\2020-03-22_21_25\data\downloads\downloaded\audio,title_Phil_and_Rita_Dancing_in_Groundhog_Day-id_0_UU_aqeKl4-specs_50.webm,Phil_and_Rita_Dancing_in_Groundhog_Day,0_UU_aqeKl4
data\2020-03-22_21_25\data\downloads\downloaded\audio,title_Popstar_2016_-_Incredible_Thoughts_Scene_10_10_Movieclips-id_WRlIDIu2qpg-specs_50.webm,Popstar_2016_-_Incredible_Thoughts_Scene_10_10_Movieclips,WRlIDIu2qpg
data\2020-03-22_21_25\data\downloads\downloaded\audio,title_Pretty_Woman_goes_shopping-id_1_TZEsUhXRs-specs_50.webm,Pretty_Woman_goes_shopping,1_TZEsUhXRs
data\2020-03-22_21_25\data\downloads\downloaded\audio,title_Pulp_Fiction_-_Dance_Scene_HQ-id_WSLMN6g_Od4-specs_50.webm,Pulp_Fiction_-_Dance_Scene_HQ,WSLMN6g_Od4
data\2020-03-22_21_25\data\downloads\downloaded\audio,title_Pumpkin_Ending_Scene_-_Christina_Ricci-id_ucgnVBJAtac-specs_48.m4a,Pumpkin_Ending_Scene_-_Christina_Ricci,ucgnVBJAtac
data\2020-03-22_21_25\data\downloads\downloaded\audio,title_RAGING_BULL_-_Montage_Scene-id_L2xD-HYTPPI-specs_50.webm,RAGING_BULL_-_Montage_Scene,L2xD
data\2020-03-22_21_25\data\downloads\downloaded\audio,title_Rain_Man_-_Casino_Scene-id_RW1qHA5Hqwc-specs_50.webm,Rain_Man_-_Casino_Scene,RW1qHA5Hqwc
data\2020-03-22_21_25\data\downloads\downloaded\audio,title_Rashomon_-_A_Ghastly_Discovery-id_GXygJmtnvm0-specs_50.webm,Rashomon_-_A_Ghastly_Discovery,GXygJmtnvm0
data\2020-03-22_21_25\data\downloads\downloaded\audio,title_Rashomon_Bandit_Sees_Wife-id_1paL7kbitDQ-specs_50.webm,Rashomon_Bandit_Sees_Wife,1paL7kbitDQ
data\2020-03-22_21_25\data\downloads\downloaded\audio,title_Reservoir_Dogs_Opening_Titles_Full_HD-id_q2Xi3ioasik-specs_50.webm,Reservoir_Dogs_Opening_Titles_Full_HD,q2Xi3ioasik
data\2020-03-22_21_25\data\downloads\downloaded\audio,title_RocknRolla_-_Russian_Song_HD-id_PeCKn6t5KnI-specs_50.webm,RocknRolla_-_Russian_Song_HD,PeCKn6t5KnI
data\2020-03-22_21_25\data\downloads\downloaded\audio,title_RocknRolla_Best_Scene_HD-id_MK1qkCQ-Jm4-specs_50.webm,RocknRolla_Best_Scene_HD,MK1qkCQ
data\2020-03-22_21_25\data\downloads\downloaded\audio,title_Rocky_8_10_Movie_CLIP_-_Training_Montage_1976_HD-id__YYmfM2TfUA-specs_50.webm,Rocky_8_10_Movie_CLIP_-_Training_Montage_1976_HD,_YYmfM2TfUA
data\2020-03-22_21_25\data\downloads\downloaded\audio,title_Rocky_II_Training_Montage_HD-id_ABg0c_E7OOI-specs_50.webm,Rocky_II_Training_Montage_HD,ABg0c_E7OOI
data\2020-03-22_21_25\data\downloads\downloaded\audio,title_Rue_s_Farewell_Rue_s_Death_The_Hunger_Games_full_scene_HQ-id_do1smOv8rf4-specs_50.webm,Rue_s_Farewell_Rue_s_Death_The_Hunger_Games_full_scene_HQ,do1smOv8rf4
data\2020-03-22_21_25\data\downloads\downloaded\audio,title_Rushmore_-_Pool_Scene_with_Bill_Murray-id_elQ1SSyTjk4-specs_50.webm,Rushmore_-_Pool_Scene_with_Bill_Murray,elQ1SSyTjk4
data\2020-03-22_21_25\data\downloads\downloaded\audio,title_Rushmore_-_Revenge_Montage-id_SIxvwa1t-yA-specs_50.webm,Rushmore_-_Revenge_Montage,SIxvwa1t
data\2020-03-22_21_25\data\downloads\downloaded\audio,title_Salma_Hayek_Snake_Dance_HD-id_EdznDnhY9r4-specs_50.webm,Salma_Hayek_Snake_Dance_HD,EdznDnhY9r4
data\2020-03-22_21_25\data\downloads\downloaded\audio,title_Say_Anything_-_Boombox_Scene_HD_1080-id_uXxN_ylX7Tw-specs_50.webm,Say_Anything_-_Boombox_Scene_HD_1080,uXxN_ylX7Tw
data\2020-03-22_21_25\data\downloads\downloaded\audio,title_Shaun_of_the_Dead_-_Don_t_Stop_Me_Now-id_W4tVH7BPb-Q-specs_50.webm,Shaun_of_the_Dead_-_Don_t_Stop_Me_Now,W4tVH7BPb
data\2020-03-22_21_25\data\downloads\downloaded\audio,title_Shrek_2001_-_Now_I_m_a_Believer_Scene_10_10_Movieclips-id_a3bI7kbVBwM-specs_50.webm,Shrek_2001_-_Now_I_m_a_Believer_Scene_10_10_Movieclips,a3bI7kbVBwM
data\2020-03-22_21_25\data\downloads\downloaded\audio,title_Shutter_Island_best_scene-id_lmmJsgfNSIM-specs_50.webm,Shutter_Island_best_scene,lmmJsgfNSIM
data\2020-03-22_21_25\data\downloads\downloaded\audio,title_Snow_Falling_on_Cedars_1999_-_Tarawa_scene-id_042UxUQww2I-specs_48.m4a,Snow_Falling_on_Cedars_1999_-_Tarawa_scene,042UxUQww2I
data\2020-03-22_21_25\data\downloads\downloaded\audio,title_Solaris_by_Andrej_Tarkovskij_-_Levitation_full_scene-id_FcglyhUre4w-specs_50.webm,Solaris_by_Andrej_Tarkovskij_-_Levitation_full_scene,FcglyhUre4w
data\2020-03-22_21_25\data\downloads\downloaded\audio,title_Someone_In_The_Crowd_La_La_Land_2016_Official_Movie_Clip-id_A7RmBgq4tT4-specs_50.webm,Someone_In_The_Crowd_La_La_Land_2016_Official_Movie_Clip,A7RmBgq4tT4
data\2020-03-22_21_25\data\downloads\downloaded\audio,title_Spartans_Part_II_Astenios_Death-id_5okHkftNTqM-specs_50.webm,Spartans_Part_II_Astenios_Death,5okHkftNTqM
data\2020-03-22_21_25\data\downloads\downloaded\audio,title_Spider-Man_3_2007_-_Cool_Peter_Parker_Scene_5_10_Movieclips-id_rDGRAHBojWE-specs_50.webm,Spider-Man_3_2007_-_Cool_Peter_Parker_Scene_5_10_Movieclips,rDGRAHBojWE
data\2020-03-22_21_25\data\downloads\downloaded\audio,title_Spider-Man_3_2007_-_Jazz_Club_Dance_Scene_6_10_Movieclips-id_iX23r272kqg-specs_50.webm,Spider-Man_3_2007_-_Jazz_Club_Dance_Scene_6_10_Movieclips,iX23r272kqg
data\2020-03-22_21_25\data\downloads\downloaded\audio,title_Star_Wars_-_The_Last_Jedi_2017_Skywalker_vs_Kylo_Ren-id_YdgxfH_nPIY-specs_50.webm,Star_Wars_-_The_Last_Jedi_2017_Skywalker_vs_Kylo_Ren,YdgxfH_nPIY
data\2020-03-22_21_25\data\downloads\downloaded\audio,title_Star_Wars_Episode_7_-_Rey_Finds_Luke_Skywalker_Ending-id_nfsG-ZXyjeA-specs_50.webm,Star_Wars_Episode_7_-_Rey_Finds_Luke_Skywalker_Ending,nfsG
data\2020-03-22_21_25\data\downloads\downloaded\audio,title_Step_Up_2_-_Final_Dance_1080p_HD-id_GUHMqQ47Vns-specs_50.webm,Step_Up_2_-_Final_Dance_1080p_HD,GUHMqQ47Vns
data\2020-03-22_21_25\data\downloads\downloaded\audio,title_Step_Up_3D_Broken_Tango_Jazmine_Sullivan_-_Bust_Your_Windows-id_LXl817M50Ps-specs_50.webm,Step_Up_3D_Broken_Tango_Jazmine_Sullivan_-_Bust_Your_Windows,LXl817M50Ps
data\2020-03-22_21_25\data\downloads\downloaded\audio,title_Stuck_In_The_Middle_With_You_-_Reservoir_Dogs_1992-id_XIMg2Xw4_8s-specs_50.webm,Stuck_In_The_Middle_With_You_-_Reservoir_Dogs_1992,XIMg2Xw4_8s
data\2020-03-22_21_25\data\downloads\downloaded\audio,title_Suicide_squad_ending_scene-id_HuRso-wP6Jg-specs_50.webm,Suicide_squad_ending_scene,HuRso
data\2020-03-22_21_25\data\downloads\downloaded\audio,title_Terminator_2_Judgement_Day_-_Bar_Scene_Fight_Scene-id_xZFsIueKx78-specs_50.webm,Terminator_2_Judgement_Day_-_Bar_Scene_Fight_Scene,xZFsIueKx78
data\2020-03-22_21_25\data\downloads\downloaded\audio,title_The_Big_Chill_-_Heard_It_Through_the_Grapevine-id_h0KbKONipqg-specs_50.webm,The_Big_Chill_-_Heard_It_Through_the_Grapevine,h0KbKONipqg
data\2020-03-22_21_25\data\downloads\downloaded\audio,title_The_Big_Lebowski_Jesus_Scene_HD_720p-id_lWz8NGIisMo-specs_50.webm,The_Big_Lebowski_Jesus_Scene_HD_720p,lWz8NGIisMo
data\2020-03-22_21_25\data\downloads\downloaded\audio,title_The_Blues_Brothers_-_The_Pickup-id_BrMnkbkzvik-specs_50.webm,The_Blues_Brothers_-_The_Pickup,BrMnkbkzvik
data\2020-03-22_21_25\data\downloads\downloaded\audio,title_The_Blues_Brothers_1980_-_Rawhide_Scene_5_9_Movieclips-id_RdR6MN2jKYs-specs_50.webm,The_Blues_Brothers_1980_-_Rawhide_Scene_5_9_Movieclips,RdR6MN2jKYs
data\2020-03-22_21_25\data\downloads\downloaded\audio,title_The_Blues_Brothers_1980_-_Shake_a_Tail_Feather_Scene_4_9_Movieclips-id_qdbrIrFxas0-specs_50.w,The_Blues_Brothers_1980_-_Shake_a_Tail_Feather_Scene_4_9_Movieclips,qdbrIrFxas0
data\2020-03-22_21_25\data\downloads\downloaded\audio,title_The_Departed_-_Final_Scene_Payback-id_V3f9UJTmgd0-specs_50.webm,The_Departed_-_Final_Scene_Payback,V3f9UJTmgd0
data\2020-03-22_21_25\data\downloads\downloaded\audio,title_The_Departed_-_Shipping_up_to_boston_intro_scene-id_xrc1prw96-Y-specs_50.webm,The_Departed_-_Shipping_up_to_boston_intro_scene,xrc1prw96
data\2020-03-22_21_25\data\downloads\downloaded\audio,title_The_Departed_Opening_Gimme_Shelter_.mp4-id_kIsyHKsjftY-specs_50.webm,The_Departed_Opening_Gimme_Shelter_.mp4,kIsyHKsjftY
data\2020-03-22_21_25\data\downloads\downloaded\audio,title_The_Emperor_Arrives_-_Star_Wars_Episode_VI_Return_of_the_Jedi_HD-id_O2F91Up9fT8-specs_50.webm,The_Emperor_Arrives_-_Star_Wars_Episode_VI_Return_of_the_Jedi_HD,O2F91Up9fT8
data\2020-03-22_21_25\data\downloads\downloaded\audio,title_The_Hobbit_-_An_Unexpected_Journey_-_Battling_the_Trolls_Scene_5_10_Movieclips-id_TeSzBaedb2Y,The_Hobbit_-_An_Unexpected_Journey_-_Battling_the_Trolls_Scene_5_10_Movieclips,TeSzBaedb2Y
data\2020-03-22_21_25\data\downloads\downloaded\audio,title_The_Illusionist_END_Scene-id_pvy3fR8rJDg-specs_48.m4a,The_Illusionist_END_Scene,pvy3fR8rJDg
data\2020-03-22_21_25\data\downloads\downloaded\audio,title_The_Karate_Kid_2010_-_Six_Versus_One_Scene_1_10_Movieclips-id_E-wr7dD1n5w-specs_50.webm,The_Karate_Kid_2010_-_Six_Versus_One_Scene_1_10_Movieclips,E
data\2020-03-22_21_25\data\downloads\downloaded\audio,title_The_Last_Of_The_Mohicans_End_Scene_HD-id_q8ZisDHg6v0-specs_50.webm,The_Last_Of_The_Mohicans_End_Scene_HD,q8ZisDHg6v0
data\2020-03-22_21_25\data\downloads\downloaded\audio,title_The_Lives_of_others_-_ending_scene-id_XYUB7bw-kjg-specs_48.m4a,The_Lives_of_others_-_ending_scene,XYUB7bw
data\2020-03-22_21_25\data\downloads\downloaded\audio,title_The_Magnificent_Seven_2_12_Movie_CLIP_-_Standoff_at_the_Cemetery_1960_HD-id_yjEcOkwV2MU-specs,The_Magnificent_Seven_2_12_Movie_CLIP_-_Standoff_at_the_Cemetery_1960_HD,yjEcOkwV2MU
data\2020-03-22_21_25\data\downloads\downloaded\audio,title_The_Mask_of_Zorro_4_8_Movie_CLIP_-_A_Very_Spirited_Dancer_1998_HD-id_kaJv6L8vF-Y-specs_50.webm,The_Mask_of_Zorro_4_8_Movie_CLIP_-_A_Very_Spirited_Dancer_1998_HD,kaJv6L8vF
data\2020-03-22_21_25\data\downloads\downloaded\audio,title_The_Name_of_the_Rose_-_Labyrinth_Library_Part_1986-id_qC9EG9Vh9CA-specs_50.webm,The_Name_of_the_Rose_-_Labyrinth_Library_Part_1986,qC9EG9Vh9CA
data\2020-03-22_21_25\data\downloads\downloaded\audio,title_The_Phantom_of_the_Opera-id_pgz6PnHkmpY-specs_50.webm,The_Phantom_of_the_Opera,pgz6PnHkmpY
data\2020-03-22_21_25\data\downloads\downloaded\audio,title_The_play_and_Neverland_scene_-_Finding_Neverland_in_720p_HD-id_or4o4Qwsn0s-specs_50.webm,The_play_and_Neverland_scene_-_Finding_Neverland_in_720p_HD,or4o4Qwsn0s
data\2020-03-22_21_25\data\downloads\downloaded\audio,title_The_Polar_Express_2004_-_Back_on_Track_Scene_2_5_Movieclips-id_Cht63QybtiA-specs_50.webm,The_Polar_Express_2004_-_Back_on_Track_Scene_2_5_Movieclips,Cht63QybtiA
data\2020-03-22_21_25\data\downloads\downloaded\audio,title_The_Prince_of_Egypt_1998_-_Deliver_Us_Scene_1_10_Movieclips-id_1-WimijgGEU-specs_50.webm,The_Prince_of_Egypt_1998_-_Deliver_Us_Scene_1_10_Movieclips,1
data\2020-03-22_21_25\data\downloads\downloaded\audio,title_The_Prince_of_Egypt_1998_-_The_10_Plagues_Scene_6_10_Movieclips-id_GJleW4TCQM0-specs_50.webm,The_Prince_of_Egypt_1998_-_The_10_Plagues_Scene_6_10_Movieclips,GJleW4TCQM0
data\2020-03-22_21_25\data\downloads\downloaded\audio,title_The_Prince_of_Egypt_1998_-_When_You_Believe_Scene_8_10_Movieclips-id_NieC8KA0EvI-specs_50.webm,The_Prince_of_Egypt_1998_-_When_You_Believe_Scene_8_10_Movieclips,NieC8KA0EvI
data\2020-03-22_21_25\data\downloads\downloaded\audio,title_The_Secret_Life_of_Pets_-_Get_the_Keys_Scene_8_10_Movieclips-id_HPGSDBjsSWI-specs_50.webm,The_Secret_Life_of_Pets_-_Get_the_Keys_Scene_8_10_Movieclips,HPGSDBjsSWI
data\2020-03-22_21_25\data\downloads\downloaded\audio,title_The_Shawshank_Redemption_Opera_Scene-id_qzuM2XTnpSA-specs_50.webm,The_Shawshank_Redemption_Opera_Scene,qzuM2XTnpSA
data\2020-03-22_21_25\data\downloads\downloaded\audio,title_The_Shining_-_steadishot_by_Garret_Brown-id_cy7ztJ3NUMI-specs_50.webm,The_Shining_-_steadishot_by_Garret_Brown,cy7ztJ3NUMI
data\2020-03-22_21_25\data\downloads\downloaded\audio,title_The_Shining_1980_-_Here_s_Johnny_Scene_7_7_Movieclips-id_WDpipB4yehk-specs_50.webm,The_Shining_1980_-_Here_s_Johnny_Scene_7_7_Movieclips,WDpipB4yehk
data\2020-03-22_21_25\data\downloads\downloaded\audio,title_The_Shining_first_scene_1080p-id_kiV3J_e977Q-specs_50.webm,The_Shining_first_scene_1080p,kiV3J_e977Q
data\2020-03-22_21_25\data\downloads\downloaded\audio,title_The_Shower_-_Psycho_5_12_Movie_CLIP_1960_HD-id_0WtDmbr9xyY-specs_50.webm,The_Shower_-_Psycho_5_12_Movie_CLIP_1960_HD,0WtDmbr9xyY
data\2020-03-22_21_25\data\downloads\downloaded\audio,title_The_Tango_-_Scent_of_a_Woman_4_8_Movie_CLIP_1992_HD-id_F2zTd_YwTvo-specs_50.webm,The_Tango_-_Scent_of_a_Woman_4_8_Movie_CLIP_1992_HD,F2zTd_YwTvo
data\2020-03-22_21_25\data\downloads\downloaded\audio,title_Thor_Ragnarok_Final_Battle_-_Immigrant_Song_HD-id_Ihjx3mX75y8-specs_50.webm,Thor_Ragnarok_Final_Battle_-_Immigrant_Song_HD,Ihjx3mX75y8
data\2020-03-22_21_25\data\downloads\downloaded\audio,title_Thunderclap_Newman_-_Something_in_the_Air_-_Strawberry_Statement-id_q9tMSfC7E38-specs_50.webm,Thunderclap_Newman_-_Something_in_the_Air_-_Strawberry_Statement,q9tMSfC7E38
data\2020-03-22_21_25\data\downloads\downloaded\audio,title_Titanic_-_I_m_Flying_Scene-id_8MDPeL8lpzo-specs_50.webm,Titanic_-_I_m_Flying_Scene,8MDPeL8lpzo
data\2020-03-22_21_25\data\downloads\downloaded\audio,title_Trainspotting_-_Just_A_Perfect_Day_Scene_1080p_HD_LOL_-_Follow_Link_to_Watch_Movie-id__IDJpB9,Trainspotting_-_Just_A_Perfect_Day_Scene_1080p_HD_LOL_-_Follow_Link_to_Watch_Movie,_IDJpB9
data\2020-03-22_21_25\data\downloads\downloaded\audio,title_Ulysse_s_Gaze_1996_-_The_Border_across_Albania-id_Cf-EuW2oIF8-specs_50.webm,Ulysse_s_Gaze_1996_-_The_Border_across_Albania,Cf
data\2020-03-22_21_25\data\downloads\downloaded\audio,title_Upgrade_2018_-_STEM_Takes_Over_Scene_10_10_Movieclips-id_-DqmTaUK-Ow-specs_50.webm,Upgrade_2018_-_STEM_Takes_Over_Scene_10_10_Movieclips,
data\2020-03-22_21_25\data\downloads\downloaded\audio,title_We_ll_Meet_Again_-_Dr_Strangelove_-_Final_Scene-id_cIpTE-aHEZ0-specs_48.m4a,We_ll_Meet_Again_-_Dr_Strangelove_-_Final_Scene,cIpTE
data\2020-03-22_21_25\data\downloads\downloaded\audio,title_Whiplash_Amazing_Final_Performance_Caravan_Part_1_Whiplash_2014_1080p_HD-id_ZZY-Ytrw2co-specs,Whiplash_Amazing_Final_Performance_Caravan_Part_1_Whiplash_2014_1080p_HD,ZZY
data\2020-03-22_21_25\data\downloads\downloaded\audio,title_Willy_Wonka_the_Chocolate_Factory_-_Pure_Imagination_Scene_4_10_Movieclips-id_LIYNk4ARUR8-spe,Willy_Wonka_the_Chocolate_Factory_-_Pure_Imagination_Scene_4_10_Movieclips,LIYNk4ARUR8
data\2020-03-22_21_25\data\downloads\downloaded\audio,title_Yojimbo_Akira_Kurosawa_1961_-_Mifune_Kicks_Ass_Scene-id_zCjsazHO0c0-specs_50.webm,Yojimbo_Akira_Kurosawa_1961_-_Mifune_Kicks_Ass_Scene,zCjsazHO0c0
data\2020-03-22_21_25\data\downloads\downloaded\audio,title_Zerkalo_The_Mirror_1975_-_Second_scene-id_R2-DaRZzh0I-specs_50.webm,Zerkalo_The_Mirror_1975_-_Second_scene,R2
data\2020-03-22_21_25\data\downloads\downloaded\audio,title_Zoobi_Doobi_3_Idiots_Full_Song_Feat._Aamir_Khan_Kareena_Kapoor-id_yJ1uLVgv3Vg-specs_50.webm,Zoobi_Doobi_3_Idiots_Full_Song_Feat._Aamir_Khan_Kareena_Kapoor,yJ1uLVgv3Vg
data\2020-03-22_21_25\data\downloads\downloaded\audio,title__-id_mFqBONrJRJU-specs_50.webm,_,mFqBONrJRJU
data\2020-03-22_21_25\data\downloads\downloaded\audio,title__-id_ORMhGTOj-Rk-specs_50.webm,_,ORMhGTOj
data\2020-03-22_21_25\data\downloads\downloaded\audio,title__-id_UHl9gklg1UQ-specs_50.webm,_,UHl9gklg1UQ
