title,directory_audio,filename_audio,id_audio,directory_video,filename_video,id_video
 ,data\2020-03-22_21_25\data\downloads\downloaded\audio,title_KINGSMAN_-_THE_SECRET_SERVICE_Movie_Clip_-_Church_Massacre_4K_ULTRA_HD_Colin_Firth_Action_201, ,data\2020-03-22_21_25\data\downloads\downloaded\video,title_KINGSMAN_-_THE_SECRET_SERVICE_Movie_Clip_-_Church_Massacre_4K_ULTRA_HD_Colin_Firth_Action_201, 
2001_-_A_Space_Odyssey_-_The_Dawn_of_Man,data\2020-03-22_21_25\data\downloads\downloaded\audio,title_2001_-_A_Space_Odyssey_-_The_Dawn_of_Man-id_ypEaGQb6dJk-specs_50.webm,ypEaGQb6dJk,data\2020-03-22_21_25\data\downloads\downloaded\video,title_2001_-_A_Space_Odyssey_-_The_Dawn_of_Man-id_ypEaGQb6dJk-specs_192x144_30.mp4,ypEaGQb6dJk
2001_-_A_Space_Odyssey_1968_-_The_Blue_Danube_waltz_scene_1080p,data\2020-03-22_21_25\data\downloads\downloaded\audio,title_2001_-_A_Space_Odyssey_1968_-_The_Blue_Danube_waltz_scene_1080p-id_0ZoSYsNADtY-specs_50.webm,0ZoSYsNADtY,data\2020-03-22_21_25\data\downloads\downloaded\video,title_2001_-_A_Space_Odyssey_1968_-_The_Blue_Danube_waltz_scene_1080p-id_0ZoSYsNADtY-specs_256x116_,0ZoSYsNADtY
2010_Alice_in_Wonderland_Alice_falls_down_the_rabbit_hole,data\2020-03-22_21_25\data\downloads\downloaded\audio,title_2010_Alice_in_Wonderland_Alice_falls_down_the_rabbit_hole-id_gftRJdhhEVs-specs_50.webm,gftRJdhhEVs,data\2020-03-22_21_25\data\downloads\downloaded\video,title_2010_Alice_in_Wonderland_Alice_falls_down_the_rabbit_hole-id_gftRJdhhEVs-specs_256x144_30.mp4,gftRJdhhEVs
2018,data\2020-03-22_21_25\data\downloads\downloaded\audio,title_2018-id_9amM19UO0Ss-specs_50.webm,9amM19UO0Ss,data\2020-03-22_21_25\data\downloads\downloaded\video,title_2018-id_9amM19UO0Ss-specs_256x144_25.mp4,9amM19UO0Ss
300_-_Goodbye_My_Love._He_Doesn_t_Say_It_-_Leonidas_Farewells_Queen_Gorgo_-_Full_HD,data\2020-03-22_21_25\data\downloads\downloaded\audio,title_300_-_Goodbye_My_Love._He_Doesn_t_Say_It_-_Leonidas_Farewells_Queen_Gorgo_-_Full_HD-id_7tH1Fz,7tH1Fz,data\2020-03-22_21_25\data\downloads\downloaded\video,title_300_-_Goodbye_My_Love._He_Doesn_t_Say_It_-_Leonidas_Farewells_Queen_Gorgo_-_Full_HD-id_7tH1Fz,7tH1Fz
310_to_Yuma_2007_Ending_Scene,data\2020-03-22_21_25\data\downloads\downloaded\audio,title_310_to_Yuma_2007_Ending_Scene-id_ojMr_543ucg-specs_48.m4a,ojMr_543ucg,data\2020-03-22_21_25\data\downloads\downloaded\video,title_310_to_Yuma_2007_Ending_Scene-id_ojMr_543ucg-specs_256x106_24.mp4,ojMr_543ucg
4-_Ain_t_Too_Proud_To_Beg_The_Big_Chill_Lawrence_Kasdan,data\2020-03-22_21_25\data\downloads\downloaded\audio,title_4-_Ain_t_Too_Proud_To_Beg_The_Big_Chill_Lawrence_Kasdan-id_VyENk36LuXs-specs_48.m4a,VyENk36LuXs,data\2020-03-22_21_25\data\downloads\downloaded\video,title_4-_Ain_t_Too_Proud_To_Beg_The_Big_Chill_Lawrence_Kasdan-id_VyENk36LuXs-specs_192x144_30.mp4,VyENk36LuXs
8_Mile_2002_-_Rabbit_Battles_Lil_Tic_Scene_1_10_Movieclips,data\2020-03-22_21_25\data\downloads\downloaded\audio,title_8_Mile_2002_-_Rabbit_Battles_Lil_Tic_Scene_1_10_Movieclips-id_DHMF-bVxlkc-specs_50.webm,DHMF,data\2020-03-22_21_25\data\downloads\downloaded\video,title_8_Mile_2002_-_Rabbit_Battles_Lil_Tic_Scene_1_10_Movieclips-id_DHMF-bVxlkc-specs_256x144_24.mp4,DHMF
8_Mile_2002_-_Rabbit_Battles_Papa_Doc_Scene_10_10_Movieclips,data\2020-03-22_21_25\data\downloads\downloaded\audio,title_8_Mile_2002_-_Rabbit_Battles_Papa_Doc_Scene_10_10_Movieclips-id_F2hiFbuQ-Qw-specs_50.webm,F2hiFbuQ,data\2020-03-22_21_25\data\downloads\downloaded\video,title_8_Mile_2002_-_Rabbit_Battles_Papa_Doc_Scene_10_10_Movieclips-id_F2hiFbuQ-Qw-specs_256x144_24,F2hiFbuQ
AMERICAN_BEAUTY_~_Plastic_Bag_Scene_HD,data\2020-03-22_21_25\data\downloads\downloaded\audio,title_AMERICAN_BEAUTY_~_Plastic_Bag_Scene_HD-id_Qssvnjj5Moo-specs_50.webm,Qssvnjj5Moo,data\2020-03-22_21_25\data\downloads\downloaded\video,title_AMERICAN_BEAUTY_~_Plastic_Bag_Scene_HD-id_Qssvnjj5Moo-specs_256x144_30.webm,Qssvnjj5Moo
A_trip_to_bergamo_call_me_by_your_name_movie_scene,data\2020-03-22_21_25\data\downloads\downloaded\audio,title_A_trip_to_bergamo_call_me_by_your_name_movie_scene-id_3pjCvhROoLY-specs_50.webm,3pjCvhROoLY,data\2020-03-22_21_25\data\downloads\downloaded\video,title_A_trip_to_bergamo_call_me_by_your_name_movie_scene-id_3pjCvhROoLY-specs_256x138_24.mp4,3pjCvhROoLY
Ace_Ventura_-_When_Nature_Calls_Monster_Truck_Scene,data\2020-03-22_21_25\data\downloads\downloaded\audio,title_Ace_Ventura_-_When_Nature_Calls_Monster_Truck_Scene-id_LGxgRSwws3Q-specs_50.webm,LGxgRSwws3Q,data\2020-03-22_21_25\data\downloads\downloaded\video,title_Ace_Ventura_-_When_Nature_Calls_Monster_Truck_Scene-id_LGxgRSwws3Q-specs_256x144_15.mp4,LGxgRSwws3Q
Ain_t_No_Sunshine_Notting_Hill_SceneScreen,data\2020-03-22_21_25\data\downloads\downloaded\audio,title_Ain_t_No_Sunshine_Notting_Hill_SceneScreen-id_Ce_BXD_ONQ8-specs_50.webm,Ce_BXD_ONQ8,data\2020-03-22_21_25\data\downloads\downloaded\video,title_Ain_t_No_Sunshine_Notting_Hill_SceneScreen-id_Ce_BXD_ONQ8-specs_256x144_25.mp4,Ce_BXD_ONQ8
Almost_Famous_-_Tiny_Dancer,data\2020-03-22_21_25\data\downloads\downloaded\audio,title_Almost_Famous_-_Tiny_Dancer-id__qW9wqUI4Lg-specs_50.webm,_qW9wqUI4Lg,data\2020-03-22_21_25\data\downloads\downloaded\video,title_Almost_Famous_-_Tiny_Dancer-id__qW9wqUI4Lg-specs_256x140_24.mp4,_qW9wqUI4Lg
American_Beauty_Dance_Scene_HD,data\2020-03-22_21_25\data\downloads\downloaded\audio,title_American_Beauty_Dance_Scene_HD-id_8a90BAwsvlA-specs_50.webm,8a90BAwsvlA,data\2020-03-22_21_25\data\downloads\downloaded\video,title_American_Beauty_Dance_Scene_HD-id_8a90BAwsvlA-specs_256x144_24.mp4,8a90BAwsvlA
Andrei_Tarkovsky_s_Stalker_Scenes,data\2020-03-22_21_25\data\downloads\downloaded\audio,title_Andrei_Tarkovsky_s_Stalker_Scenes-id_6CZk0CusOHQ-specs_50.webm,6CZk0CusOHQ,data\2020-03-22_21_25\data\downloads\downloaded\video,title_Andrei_Tarkovsky_s_Stalker_Scenes-id_6CZk0CusOHQ-specs_256x144_15.webm,6CZk0CusOHQ
Apocalypse_Now_-_Air_Cav_-_Valkyrie_HD,data\2020-03-22_21_25\data\downloads\downloaded\audio,title_Apocalypse_Now_-_Air_Cav_-_Valkyrie_HD-id_KlsfM2BmsJU-specs_50.webm,KlsfM2BmsJU,data\2020-03-22_21_25\data\downloads\downloaded\video,title_Apocalypse_Now_-_Air_Cav_-_Valkyrie_HD-id_KlsfM2BmsJU-specs_256x144_30.mp4,KlsfM2BmsJU
Apocalypse_Now_intro_-_The_Doors_The_End_1979,data\2020-03-22_21_25\data\downloads\downloaded\audio,title_Apocalypse_Now_intro_-_The_Doors_The_End_1979-id_CIrvSJwwJUE-specs_50.webm,CIrvSJwwJUE,data\2020-03-22_21_25\data\downloads\downloaded\video,title_Apocalypse_Now_intro_-_The_Doors_The_End_1979-id_CIrvSJwwJUE-specs_256x108_24.mp4,CIrvSJwwJUE
Aretha_Franklin_Think_The_Blues_Brothers_1980,data\2020-03-22_21_25\data\downloads\downloaded\audio,title_Aretha_Franklin_Think_The_Blues_Brothers_1980-id_xYtouKwkXLI-specs_50.webm,xYtouKwkXLI,data\2020-03-22_21_25\data\downloads\downloaded\video,title_Aretha_Franklin_Think_The_Blues_Brothers_1980-id_xYtouKwkXLI-specs_256x144_30.mp4,xYtouKwkXLI
Avengers_Assemble_scene_-_Avengers_4_-_Endgame,data\2020-03-22_21_25\data\downloads\downloaded\audio,title_Avengers_Assemble_scene_-_Avengers_4_-_Endgame-id_VUTEl1CoHVM-specs_50.webm,VUTEl1CoHVM,data\2020-03-22_21_25\data\downloads\downloaded\video,title_Avengers_Assemble_scene_-_Avengers_4_-_Endgame-id_VUTEl1CoHVM-specs_256x144_25.mp4,VUTEl1CoHVM
Batman_Saves_Rachel_Tumbler_Chase_-_Batman_Begins_4K_Ultra_HD,data\2020-03-22_21_25\data\downloads\downloaded\audio,title_Batman_Saves_Rachel_Tumbler_Chase_-_Batman_Begins_4K_Ultra_HD-id_ouVIyC_YQOg-specs_50.webm,ouVIyC_YQOg,data\2020-03-22_21_25\data\downloads\downloaded\video,title_Batman_Saves_Rachel_Tumbler_Chase_-_Batman_Begins_4K_Ultra_HD-id_ouVIyC_YQOg-specs_256x144_30,ouVIyC_YQOg
Baywatch_2017_-_The_Big_Boy_Competition_Scene_2_10_Movieclips,data\2020-03-22_21_25\data\downloads\downloaded\audio,title_Baywatch_2017_-_The_Big_Boy_Competition_Scene_2_10_Movieclips-id_WDuIl_uPY_s-specs_50.webm,WDuIl_uPY_s,data\2020-03-22_21_25\data\downloads\downloaded\video,title_Baywatch_2017_-_The_Big_Boy_Competition_Scene_2_10_Movieclips-id_WDuIl_uPY_s-specs_256x144_24,WDuIl_uPY_s
Beetlejuice_-_Day-o_Banana_Boat_Song,data\2020-03-22_21_25\data\downloads\downloaded\audio,title_Beetlejuice_-_Day-o_Banana_Boat_Song-id_AQXVHITd1N4-specs_50.webm,AQXVHITd1N4,data\2020-03-22_21_25\data\downloads\downloaded\video,title_Beetlejuice_-_Day-o_Banana_Boat_Song-id_AQXVHITd1N4-specs_194x144_24.mp4,AQXVHITd1N4
Beetlejuice_1988_-_End_Credit_Scene_-_Jump_In_The_Line_Shake_Senora,data\2020-03-22_21_25\data\downloads\downloaded\audio,title_Beetlejuice_1988_-_End_Credit_Scene_-_Jump_In_The_Line_Shake_Senora-id_0eC4G1Zw0Co-specs_50.w,0eC4G1Zw0Co,data\2020-03-22_21_25\data\downloads\downloaded\video,title_Beetlejuice_1988_-_End_Credit_Scene_-_Jump_In_The_Line_Shake_Senora-id_0eC4G1Zw0Co-specs_192x,0eC4G1Zw0Co
Best_background_music_of_indian_film_bahubali.....,data\2020-03-22_21_25\data\downloads\downloaded\audio,title_Best_background_music_of_indian_film_bahubali.....-id_UFE5XWXF8Z4-specs_50.webm,UFE5XWXF8Z4,data\2020-03-22_21_25\data\downloads\downloaded\video,title_Best_background_music_of_indian_film_bahubali.....-id_UFE5XWXF8Z4-specs_256x144_24.mp4,UFE5XWXF8Z4
Big_Fish_8_8_Movie_CLIP_-_The_Story_of_My_Life_2003_HD,data\2020-03-22_21_25\data\downloads\downloaded\audio,title_Big_Fish_8_8_Movie_CLIP_-_The_Story_of_My_Life_2003_HD-id_RAvoR20o9s4-specs_50.webm,RAvoR20o9s4,data\2020-03-22_21_25\data\downloads\downloaded\video,title_Big_Fish_8_8_Movie_CLIP_-_The_Story_of_My_Life_2003_HD-id_RAvoR20o9s4-specs_256x144_24.mp4,RAvoR20o9s4
Big_Lebowski_Dream_Part,data\2020-03-22_21_25\data\downloads\downloaded\audio,title_Big_Lebowski_Dream_Part-id_z92bykaeV4o-specs_50.webm,z92bykaeV4o,data\2020-03-22_21_25\data\downloads\downloaded\video,title_Big_Lebowski_Dream_Part-id_z92bykaeV4o-specs_256x144_30.webm,z92bykaeV4o
Billy_Elliot_-_London_Calling_The_Clash,data\2020-03-22_21_25\data\downloads\downloaded\audio,title_Billy_Elliot_-_London_Calling_The_Clash-id_iUkIb9ZV9NQ-specs_48.m4a,iUkIb9ZV9NQ,data\2020-03-22_21_25\data\downloads\downloaded\video,title_Billy_Elliot_-_London_Calling_The_Clash-id_iUkIb9ZV9NQ-specs_256x144_30.mp4,iUkIb9ZV9NQ
Bitter_Sweet_Symphony_Cruel_Intentions_-_Ending_scene_extended,data\2020-03-22_21_25\data\downloads\downloaded\audio,title_Bitter_Sweet_Symphony_Cruel_Intentions_-_Ending_scene_extended-id_UIkWIg0bV5Y-specs_50.webm,UIkWIg0bV5Y,data\2020-03-22_21_25\data\downloads\downloaded\video,title_Bitter_Sweet_Symphony_Cruel_Intentions_-_Ending_scene_extended-id_UIkWIg0bV5Y-specs_256x144_3,UIkWIg0bV5Y
Bohemian_Rhapsody_Wayne_s_World_HD,data\2020-03-22_21_25\data\downloads\downloaded\audio,title_Bohemian_Rhapsody_Wayne_s_World_HD-id_thyJOnasHVE-specs_50.webm,thyJOnasHVE,data\2020-03-22_21_25\data\downloads\downloaded\video,title_Bohemian_Rhapsody_Wayne_s_World_HD-id_thyJOnasHVE-specs_256x144_30.webm,thyJOnasHVE
Breakfast_at_Tiffany_s_3_9_Movie_CLIP_-_Moon_River_1961_HD,data\2020-03-22_21_25\data\downloads\downloaded\audio,title_Breakfast_at_Tiffany_s_3_9_Movie_CLIP_-_Moon_River_1961_HD-id_uirBWk-qd9A-specs_50.webm,uirBWk,data\2020-03-22_21_25\data\downloads\downloaded\video,title_Breakfast_at_Tiffany_s_3_9_Movie_CLIP_-_Moon_River_1961_HD-id_uirBWk-qd9A-specs_256x144_24.we,uirBWk
Breakfast_at_Tiffany_s_Opening_Scene_-_HQ,data\2020-03-22_21_25\data\downloads\downloaded\audio,title_Breakfast_at_Tiffany_s_Opening_Scene_-_HQ-id_1JfS90u-1g8-specs_50.webm,1JfS90u,data\2020-03-22_21_25\data\downloads\downloaded\video,title_Breakfast_at_Tiffany_s_Opening_Scene_-_HQ-id_1JfS90u-1g8-specs_232x144_25.mp4,1JfS90u
Bullitt_-_Prelude_to_a_Chase,data\2020-03-22_21_25\data\downloads\downloaded\audio,title_Bullitt_-_Prelude_to_a_Chase-id_qgQfm0yW9aE-specs_50.webm,qgQfm0yW9aE,data\2020-03-22_21_25\data\downloads\downloaded\video,title_Bullitt_-_Prelude_to_a_Chase-id_qgQfm0yW9aE-specs_256x144_30.mp4,qgQfm0yW9aE
Butch_Cassidy_Sundance_Kid_Movie_-_Bicycle_Scene,data\2020-03-22_21_25\data\downloads\downloaded\audio,title_Butch_Cassidy_Sundance_Kid_Movie_-_Bicycle_Scene-id_m8-vMP2_K7k-specs_50.webm,m8,data\2020-03-22_21_25\data\downloads\downloaded\video,title_Butch_Cassidy_Sundance_Kid_Movie_-_Bicycle_Scene-id_m8-vMP2_K7k-specs_256x144_25.mp4,m8
Carmen_-_Habanera,data\2020-03-22_21_25\data\downloads\downloaded\audio,title_Carmen_-_Habanera-id_uV9iGv4sKNI-specs_50.webm,uV9iGv4sKNI,data\2020-03-22_21_25\data\downloads\downloaded\video,title_Carmen_-_Habanera-id_uV9iGv4sKNI-specs_256x142_12.mp4,uV9iGv4sKNI
Casablanca_Play_it_again_Sam_Scene_HD_Sub,data\2020-03-22_21_25\data\downloads\downloaded\audio,title_Casablanca_Play_it_again_Sam_Scene_HD_Sub-id_w3ruUJSgtzY-specs_50.webm,w3ruUJSgtzY,data\2020-03-22_21_25\data\downloads\downloaded\video,title_Casablanca_Play_it_again_Sam_Scene_HD_Sub-id_w3ruUJSgtzY-specs_256x144_24.mp4,w3ruUJSgtzY
Casadh_an_Tsugain_-_Frankie_s_Song_Iarla_O_Lionaird_Cutscene_-_Brooklyn_Movie,data\2020-03-22_21_25\data\downloads\downloaded\audio,title_Casadh_an_Tsugain_-_Frankie_s_Song_Iarla_O_Lionaird_Cutscene_-_Brooklyn_Movie-id_5ZwneauRgX8-,5ZwneauRgX8,data\2020-03-22_21_25\data\downloads\downloaded\video,title_Casadh_an_Tsugain_-_Frankie_s_Song_Iarla_O_Lionaird_Cutscene_-_Brooklyn_Movie-id_5ZwneauRgX8-,5ZwneauRgX8
Charlie_Chaplin_-_Factory_Scene_-_Modern_Times_1936,data\2020-03-22_21_25\data\downloads\downloaded\audio,title_Charlie_Chaplin_-_Factory_Scene_-_Modern_Times_1936-id_6n9ESFJTnHs-specs_50.webm,6n9ESFJTnHs,data\2020-03-22_21_25\data\downloads\downloaded\video,title_Charlie_Chaplin_-_Factory_Scene_-_Modern_Times_1936-id_6n9ESFJTnHs-specs_256x128_25.mp4,6n9ESFJTnHs
Charlie_s_Angels_-_Full_Throttle_-_Last_Dance_Scene_7_10_Movieclips,data\2020-03-22_21_25\data\downloads\downloaded\audio,title_Charlie_s_Angels_-_Full_Throttle_-_Last_Dance_Scene_7_10_Movieclips-id_i6oNzS6kCR8-specs_50.w,i6oNzS6kCR8,data\2020-03-22_21_25\data\downloads\downloaded\video,title_Charlie_s_Angels_-_Full_Throttle_-_Last_Dance_Scene_7_10_Movieclips-id_i6oNzS6kCR8-specs_256x,i6oNzS6kCR8
Charlie_s_Angels_-_Full_Throttle_-_Striptease_Distraction_Scene_4_10_Movieclips,data\2020-03-22_21_25\data\downloads\downloaded\audio,title_Charlie_s_Angels_-_Full_Throttle_-_Striptease_Distraction_Scene_4_10_Movieclips-id_bn_Df5UNy3,bn_Df5UNy3,data\2020-03-22_21_25\data\downloads\downloaded\video,title_Charlie_s_Angels_-_Full_Throttle_-_Striptease_Distraction_Scene_4_10_Movieclips-id_bn_Df5UNy3,bn_Df5UNy3
Clair_de_lune_Ocean_s_Eleven,data\2020-03-22_21_25\data\downloads\downloaded\audio,title_Clair_de_lune_Ocean_s_Eleven-id_Cfu9s89C-pc-specs_50.webm,Cfu9s89C,data\2020-03-22_21_25\data\downloads\downloaded\video,title_Clair_de_lune_Ocean_s_Eleven-id_Cfu9s89C-pc-specs_256x106_25.webm,Cfu9s89C
Claire_Forlani_Freddie_Prinze_Jr_Dance_Scene_HD,data\2020-03-22_21_25\data\downloads\downloaded\audio,title_Claire_Forlani_Freddie_Prinze_Jr_Dance_Scene_HD-id_s9KjwSW653g-specs_50.webm,s9KjwSW653g,data\2020-03-22_21_25\data\downloads\downloaded\video,title_Claire_Forlani_Freddie_Prinze_Jr_Dance_Scene_HD-id_s9KjwSW653g-specs_256x144_15.mp4,s9KjwSW653g
Crazy_Stupid_Love_-_The_Big_Move,data\2020-03-22_21_25\data\downloads\downloaded\audio,title_Crazy_Stupid_Love_-_The_Big_Move-id_9vSKyFA5F9Y-specs_50.webm,9vSKyFA5F9Y,data\2020-03-22_21_25\data\downloads\downloaded\video,title_Crazy_Stupid_Love_-_The_Big_Move-id_9vSKyFA5F9Y-specs_256x144_24.webm,9vSKyFA5F9Y
Creedence_Clearwater_Revival_-_Fortunate_Son_._.Forrest_Gump,data\2020-03-22_21_25\data\downloads\downloaded\audio,title_Creedence_Clearwater_Revival_-_Fortunate_Son_._.Forrest_Gump-id__Nc8eLO4K_g-specs_50.webm,_Nc8eLO4K_g,data\2020-03-22_21_25\data\downloads\downloaded\video,title_Creedence_Clearwater_Revival_-_Fortunate_Son_._.Forrest_Gump-id__Nc8eLO4K_g-specs_192x144_13,_Nc8eLO4K_g
DARK_characters_-_past_and_present_-_Familiar_by_Agnes_Obel,data\2020-03-22_21_25\data\downloads\downloaded\audio,title_DARK_characters_-_past_and_present_-_Familiar_by_Agnes_Obel-id_zfFJ5iOSrMU-specs_50.webm,zfFJ5iOSrMU,data\2020-03-22_21_25\data\downloads\downloaded\video,title_DARK_characters_-_past_and_present_-_Familiar_by_Agnes_Obel-id_zfFJ5iOSrMU-specs_256x144_30.w,zfFJ5iOSrMU
Dances_With_Wolves_-_John_Dunbar_Discovers_Stands_With_A_Fist_and_the_Sioux_Village,data\2020-03-22_21_25\data\downloads\downloaded\audio,title_Dances_With_Wolves_-_John_Dunbar_Discovers_Stands_With_A_Fist_and_the_Sioux_Village-id_VxpOzg,VxpOzg,data\2020-03-22_21_25\data\downloads\downloaded\video,title_Dances_With_Wolves_-_John_Dunbar_Discovers_Stands_With_A_Fist_and_the_Sioux_Village-id_VxpOzg,VxpOzg
Dances_With_Wolves_-_the_buffalo_hunt_scene_HD,data\2020-03-22_21_25\data\downloads\downloaded\audio,title_Dances_With_Wolves_-_the_buffalo_hunt_scene_HD-id_h9kQtd4_WcU-specs_50.webm,h9kQtd4_WcU,data\2020-03-22_21_25\data\downloads\downloaded\video,title_Dances_With_Wolves_-_the_buffalo_hunt_scene_HD-id_h9kQtd4_WcU-specs_256x144_24.mp4,h9kQtd4_WcU
Dangerous_Minds_Gangsta_s_Paradise_-_Coolio,data\2020-03-22_21_25\data\downloads\downloaded\audio,title_Dangerous_Minds_Gangsta_s_Paradise_-_Coolio-id_bKM9qXqGmgo-specs_50.webm,bKM9qXqGmgo,data\2020-03-22_21_25\data\downloads\downloaded\video,title_Dangerous_Minds_Gangsta_s_Paradise_-_Coolio-id_bKM9qXqGmgo-specs_192x144_25.mp4,bKM9qXqGmgo
Demi_Moore_-_Striptease,data\2020-03-22_21_25\data\downloads\downloaded\audio,title_Demi_Moore_-_Striptease-id_FoKaKlwzK1s-specs_50.webm,FoKaKlwzK1s,data\2020-03-22_21_25\data\downloads\downloaded\video,title_Demi_Moore_-_Striptease-id_FoKaKlwzK1s-specs_190x144_24.mp4,FoKaKlwzK1s
Dirty_dancing_2_-_Havana_dance_contest,data\2020-03-22_21_25\data\downloads\downloaded\audio,title_Dirty_dancing_2_-_Havana_dance_contest-id_oxON_Z_qPKM-specs_50.webm,oxON_Z_qPKM,data\2020-03-22_21_25\data\downloads\downloaded\video,title_Dirty_dancing_2_-_Havana_dance_contest-id_oxON_Z_qPKM-specs_256x144_30.mp4,oxON_Z_qPKM
Django_Unchained_The_escape_scene,data\2020-03-22_21_25\data\downloads\downloaded\audio,title_Django_Unchained_The_escape_scene-id__bgZ-24Tx_4-specs_50.webm,_bgZ,data\2020-03-22_21_25\data\downloads\downloaded\video,title_Django_Unchained_The_escape_scene-id__bgZ-24Tx_4-specs_256x106_30.mp4,_bgZ
Down_in_Mexico_by_The_Coasters_from_Death_Proof,data\2020-03-22_21_25\data\downloads\downloaded\audio,title_Down_in_Mexico_by_The_Coasters_from_Death_Proof-id_-_fZDvxpXEI-specs_50.webm,,data\2020-03-22_21_25\data\downloads\downloaded\video,title_Down_in_Mexico_by_The_Coasters_from_Death_Proof-id_-_fZDvxpXEI-specs_256x110_24.mp4,
Dracula_dead_and_loving_it,data\2020-03-22_21_25\data\downloads\downloaded\audio,title_Dracula_dead_and_loving_it-id_XQtDFTUm370-specs_50.webm,XQtDFTUm370,data\2020-03-22_21_25\data\downloads\downloaded\video,title_Dracula_dead_and_loving_it-id_XQtDFTUm370-specs_192x144_15.mp4,XQtDFTUm370
Drive_A_Real_Hero_Best_Scene,data\2020-03-22_21_25\data\downloads\downloaded\audio,title_Drive_A_Real_Hero_Best_Scene-id_VMXVD3dP_lY-specs_48.m4a,VMXVD3dP_lY,data\2020-03-22_21_25\data\downloads\downloaded\video,title_Drive_A_Real_Hero_Best_Scene-id_VMXVD3dP_lY-specs_256x144_30.mp4,VMXVD3dP_lY
Easy_A_2010_-_Bad_Reputation_Scene_4_10_Movieclips,data\2020-03-22_21_25\data\downloads\downloaded\audio,title_Easy_A_2010_-_Bad_Reputation_Scene_4_10_Movieclips-id_wJZP20y0R2Q-specs_50.webm,wJZP20y0R2Q,data\2020-03-22_21_25\data\downloads\downloaded\video,title_Easy_A_2010_-_Bad_Reputation_Scene_4_10_Movieclips-id_wJZP20y0R2Q-specs_256x144_24.mp4,wJZP20y0R2Q
Easy_Rider_-_Intro_-_Born_to_be_wild,data\2020-03-22_21_25\data\downloads\downloaded\audio,title_Easy_Rider_-_Intro_-_Born_to_be_wild-id_J1cDECkN2xg-specs_50.webm,J1cDECkN2xg,data\2020-03-22_21_25\data\downloads\downloaded\video,title_Easy_Rider_-_Intro_-_Born_to_be_wild-id_J1cDECkN2xg-specs_256x144_30.mp4,J1cDECkN2xg
Easy_Rider_Wasn_t_Born_To_Follow_02,data\2020-03-22_21_25\data\downloads\downloaded\audio,title_Easy_Rider_Wasn_t_Born_To_Follow_02-id_SUS0TR0M0iA-specs_50.webm,SUS0TR0M0iA,data\2020-03-22_21_25\data\downloads\downloaded\video,title_Easy_Rider_Wasn_t_Born_To_Follow_02-id_SUS0TR0M0iA-specs_256x138_12.webm,SUS0TR0M0iA
Easy_Virtue_2008_-_Jessica_Biel_and_Kimberley_Nixon_French_Cancan,data\2020-03-22_21_25\data\downloads\downloaded\audio,title_Easy_Virtue_2008_-_Jessica_Biel_and_Kimberley_Nixon_French_Cancan-id_PVBfTNCcIhI-specs_50.webm,PVBfTNCcIhI,data\2020-03-22_21_25\data\downloads\downloaded\video,title_Easy_Virtue_2008_-_Jessica_Biel_and_Kimberley_Nixon_French_Cancan-id_PVBfTNCcIhI-specs_256x14,PVBfTNCcIhI
El_Tango_De_Roxanne-_Moulin_Rouge,data\2020-03-22_21_25\data\downloads\downloaded\audio,title_El_Tango_De_Roxanne-_Moulin_Rouge-id_Rn0xXo1gwGY-specs_50.webm,Rn0xXo1gwGY,data\2020-03-22_21_25\data\downloads\downloaded\video,title_El_Tango_De_Roxanne-_Moulin_Rouge-id_Rn0xXo1gwGY-specs_256x144_30.mp4,Rn0xXo1gwGY
Epic_Movie_Scenes_-_The_Matrix_Reloaded_Chateau_Fight_Scene,data\2020-03-22_21_25\data\downloads\downloaded\audio,title_Epic_Movie_Scenes_-_The_Matrix_Reloaded_Chateau_Fight_Scene-id_3WfR87K5zW8-specs_50.webm,3WfR87K5zW8,data\2020-03-22_21_25\data\downloads\downloaded\video,title_Epic_Movie_Scenes_-_The_Matrix_Reloaded_Chateau_Fight_Scene-id_3WfR87K5zW8-specs_256x144_30.m,3WfR87K5zW8
Eternal_Sunshine_of_the_Spotless_Mind_-_Ending,data\2020-03-22_21_25\data\downloads\downloaded\audio,title_Eternal_Sunshine_of_the_Spotless_Mind_-_Ending-id_wsZSZ_vcCvA-specs_50.webm,wsZSZ_vcCvA,data\2020-03-22_21_25\data\downloads\downloaded\video,title_Eternal_Sunshine_of_the_Spotless_Mind_-_Ending-id_wsZSZ_vcCvA-specs_256x144_30.webm,wsZSZ_vcCvA
Eternity_and_a_Day_-_Theo_Angelopoulos,data\2020-03-22_21_25\data\downloads\downloaded\audio,title_Eternity_and_a_Day_-_Theo_Angelopoulos-id_0eU2y9R7lto-specs_50.webm,0eU2y9R7lto,data\2020-03-22_21_25\data\downloads\downloaded\video,title_Eternity_and_a_Day_-_Theo_Angelopoulos-id_0eU2y9R7lto-specs_256x144_13.webm,0eU2y9R7lto
Eternity_and_a_day_excerpt_from_the_finale,data\2020-03-22_21_25\data\downloads\downloaded\audio,title_Eternity_and_a_day_excerpt_from_the_finale-id_uFWmeD2EARk-specs_50.webm,uFWmeD2EARk,data\2020-03-22_21_25\data\downloads\downloaded\video,title_Eternity_and_a_day_excerpt_from_the_finale-id_uFWmeD2EARk-specs_256x144_30.mp4,uFWmeD2EARk
Fast_Times_at_Ridgemont_High,data\2020-03-22_21_25\data\downloads\downloaded\audio,title_Fast_Times_at_Ridgemont_High-id_z3bCc8xYAuQ-specs_48.m4a,z3bCc8xYAuQ,data\2020-03-22_21_25\data\downloads\downloaded\video,title_Fast_Times_at_Ridgemont_High-id_z3bCc8xYAuQ-specs_256x142_24.mp4,z3bCc8xYAuQ
Ferris_Bueller_s_Day_Off-_Twist_Shout,data\2020-03-22_21_25\data\downloads\downloaded\audio,title_Ferris_Bueller_s_Day_Off-_Twist_Shout-id_81ZtmBAA_NE-specs_50.webm,81ZtmBAA_NE,data\2020-03-22_21_25\data\downloads\downloaded\video,title_Ferris_Bueller_s_Day_Off-_Twist_Shout-id_81ZtmBAA_NE-specs_256x144_30.mp4,81ZtmBAA_NE
Ferris_Bueller_s_Day_Off_86_-_End_Credits,data\2020-03-22_21_25\data\downloads\downloaded\audio,title_Ferris_Bueller_s_Day_Off_86_-_End_Credits-id_i_wrUmygRDA-specs_48.m4a,i_wrUmygRDA,data\2020-03-22_21_25\data\downloads\downloaded\video,title_Ferris_Bueller_s_Day_Off_86_-_End_Credits-id_i_wrUmygRDA-specs_256x144_24.mp4,i_wrUmygRDA
Fifty_Shades_of_Grey_-_Helicopter_scene,data\2020-03-22_21_25\data\downloads\downloaded\audio,title_Fifty_Shades_of_Grey_-_Helicopter_scene-id_u7T_-7wgLIc-specs_50.webm,u7T_,data\2020-03-22_21_25\data\downloads\downloaded\video,title_Fifty_Shades_of_Grey_-_Helicopter_scene-id_u7T_-7wgLIc-specs_256x144_30.webm,u7T_
For_a_Few_Dollars_More_-_Clint_Eastwood_s_Entrance_1965_HD,data\2020-03-22_21_25\data\downloads\downloaded\audio,title_For_a_Few_Dollars_More_-_Clint_Eastwood_s_Entrance_1965_HD-id_M-k_BW8iLkk-specs_50.webm,M,data\2020-03-22_21_25\data\downloads\downloaded\video,title_For_a_Few_Dollars_More_-_Clint_Eastwood_s_Entrance_1965_HD-id_M-k_BW8iLkk-specs_256x144_30.mp4,M
For_a_Few_Dollars_More_-_Final_Duel_1965_HD,data\2020-03-22_21_25\data\downloads\downloaded\audio,title_For_a_Few_Dollars_More_-_Final_Duel_1965_HD-id_0JPnR7C8mZQ-specs_50.webm,0JPnR7C8mZQ,data\2020-03-22_21_25\data\downloads\downloaded\video,title_For_a_Few_Dollars_More_-_Final_Duel_1965_HD-id_0JPnR7C8mZQ-specs_256x144_30.webm,0JPnR7C8mZQ
Full_Metal_Jacket_Opening_Song_Hello_Vietnam_By_Johnnie_Wright,data\2020-03-22_21_25\data\downloads\downloaded\audio,title_Full_Metal_Jacket_Opening_Song_Hello_Vietnam_By_Johnnie_Wright-id_futq_Lrayes-specs_50.webm,futq_Lrayes,data\2020-03-22_21_25\data\downloads\downloaded\video,title_Full_Metal_Jacket_Opening_Song_Hello_Vietnam_By_Johnnie_Wright-id_futq_Lrayes-specs_256x144_2,futq_Lrayes
Funny_Dance_Scene-_Johnny_English_Strikes_Agin_Funny_Dance_Full_Movie_Scene,data\2020-03-22_21_25\data\downloads\downloaded\audio,title_Funny_Dance_Scene-_Johnny_English_Strikes_Agin_Funny_Dance_Full_Movie_Scene-id_BL5cBtbokgA-sp,BL5cBtbokgA,data\2020-03-22_21_25\data\downloads\downloaded\video,title_Funny_Dance_Scene-_Johnny_English_Strikes_Agin_Funny_Dance_Full_Movie_Scene-id_BL5cBtbokgA-sp,BL5cBtbokgA
GREAT_SCENE_-_The_Graduate_finale,data\2020-03-22_21_25\data\downloads\downloaded\audio,title_GREAT_SCENE_-_The_Graduate_finale-id_ahFARm2j38c-specs_50.webm,ahFARm2j38c,data\2020-03-22_21_25\data\downloads\downloaded\video,title_GREAT_SCENE_-_The_Graduate_finale-id_ahFARm2j38c-specs_256x130_25.mp4,ahFARm2j38c
Ghostbusters_-_First_Call_Scene,data\2020-03-22_21_25\data\downloads\downloaded\audio,title_Ghostbusters_-_First_Call_Scene-id_byiGKBzIu-8-specs_50.webm,byiGKBzIu,data\2020-03-22_21_25\data\downloads\downloaded\video,title_Ghostbusters_-_First_Call_Scene-id_byiGKBzIu-8-specs_256x144_30.webm,byiGKBzIu
Gladiator_2000_Ending_Scene_HD,data\2020-03-22_21_25\data\downloads\downloaded\audio,title_Gladiator_2000_Ending_Scene_HD-id_CA_N_QVxbKg-specs_50.webm,CA_N_QVxbKg,data\2020-03-22_21_25\data\downloads\downloaded\video,title_Gladiator_2000_Ending_Scene_HD-id_CA_N_QVxbKg-specs_256x108_24.mp4,CA_N_QVxbKg
Good_Will_Hunting_Closing_Scene_Elliott_Smith-_Miss_Misery,data\2020-03-22_21_25\data\downloads\downloaded\audio,title_Good_Will_Hunting_Closing_Scene_Elliott_Smith-_Miss_Misery-id_T5qajitmZd0-specs_50.webm,T5qajitmZd0,data\2020-03-22_21_25\data\downloads\downloaded\video,title_Good_Will_Hunting_Closing_Scene_Elliott_Smith-_Miss_Misery-id_T5qajitmZd0-specs_192x144_30.mp4,T5qajitmZd0
Grease_1978_-_Hopelessly_Devoted_to_You_Scene_4_10_Movieclips,data\2020-03-22_21_25\data\downloads\downloaded\audio,title_Grease_1978_-_Hopelessly_Devoted_to_You_Scene_4_10_Movieclips-id_aqIYxDk4vh8-specs_50.webm,aqIYxDk4vh8,data\2020-03-22_21_25\data\downloads\downloaded\video,title_Grease_1978_-_Hopelessly_Devoted_to_You_Scene_4_10_Movieclips-id_aqIYxDk4vh8-specs_256x144_24,aqIYxDk4vh8
Grease_1978_-_Sandy_Scene_9_10_Movieclips,data\2020-03-22_21_25\data\downloads\downloaded\audio,title_Grease_1978_-_Sandy_Scene_9_10_Movieclips-id__ZfmXzIbHI8-specs_50.webm,_ZfmXzIbHI8,data\2020-03-22_21_25\data\downloads\downloaded\video,title_Grease_1978_-_Sandy_Scene_9_10_Movieclips-id__ZfmXzIbHI8-specs_256x144_24.mp4,_ZfmXzIbHI8
Grease_1978_-_Thunder_Road_Race_Scene_10_10_Movieclips,data\2020-03-22_21_25\data\downloads\downloaded\audio,title_Grease_1978_-_Thunder_Road_Race_Scene_10_10_Movieclips-id_HsYC-hVEpQM-specs_50.webm,HsYC,data\2020-03-22_21_25\data\downloads\downloaded\video,title_Grease_1978_-_Thunder_Road_Race_Scene_10_10_Movieclips-id_HsYC-hVEpQM-specs_256x144_24.mp4,HsYC
Guardians_Of_The_Galaxy_2014_-_Opening_Credits_Scene_-_Starlord_Dance,data\2020-03-22_21_25\data\downloads\downloaded\audio,title_Guardians_Of_The_Galaxy_2014_-_Opening_Credits_Scene_-_Starlord_Dance-id_JNlnQwHWSYw-specs_50,JNlnQwHWSYw,data\2020-03-22_21_25\data\downloads\downloaded\video,title_Guardians_Of_The_Galaxy_2014_-_Opening_Credits_Scene_-_Starlord_Dance-id_JNlnQwHWSYw-specs_25,JNlnQwHWSYw
HD_LOTR_Aragorn_s_Song,data\2020-03-22_21_25\data\downloads\downloaded\audio,title_HD_LOTR_Aragorn_s_Song-id_cHjt9Q00sp4-specs_50.webm,cHjt9Q00sp4,data\2020-03-22_21_25\data\downloads\downloaded\video,title_HD_LOTR_Aragorn_s_Song-id_cHjt9Q00sp4-specs_256x144_24.mp4,cHjt9Q00sp4
Home_Alone_1990_-_Kevin_Washes_Up_Scene_1_5_Movieclips,data\2020-03-22_21_25\data\downloads\downloaded\audio,title_Home_Alone_1990_-_Kevin_Washes_Up_Scene_1_5_Movieclips-id__qu4ZBCU6Fc-specs_50.webm,_qu4ZBCU6Fc,data\2020-03-22_21_25\data\downloads\downloaded\video,title_Home_Alone_1990_-_Kevin_Washes_Up_Scene_1_5_Movieclips-id__qu4ZBCU6Fc-specs_256x144_24.webm,_qu4ZBCU6Fc
Hook_1991_-_You_Are_the_Pan,data\2020-03-22_21_25\data\downloads\downloaded\audio,title_Hook_1991_-_You_Are_the_Pan-id_cwpWcdy3vNI-specs_50.webm,cwpWcdy3vNI,data\2020-03-22_21_25\data\downloads\downloaded\video,title_Hook_1991_-_You_Are_the_Pan-id_cwpWcdy3vNI-specs_256x144_14.webm,cwpWcdy3vNI
Hotel_Transylvania_2012_-_The_Zing_Song_Scene_10_10_Movieclips,data\2020-03-22_21_25\data\downloads\downloaded\audio,title_Hotel_Transylvania_2012_-_The_Zing_Song_Scene_10_10_Movieclips-id__AgBIeTHzTM-specs_50.webm,_AgBIeTHzTM,data\2020-03-22_21_25\data\downloads\downloaded\video,title_Hotel_Transylvania_2012_-_The_Zing_Song_Scene_10_10_Movieclips-id__AgBIeTHzTM-specs_214x144_2,_AgBIeTHzTM
Hotel_Transylvania_3_2018_-_DJ_Battle_Scene_10_10_Movieclips,data\2020-03-22_21_25\data\downloads\downloaded\audio,title_Hotel_Transylvania_3_2018_-_DJ_Battle_Scene_10_10_Movieclips-id_43OVm86-4rU-specs_50.webm,43OVm86,data\2020-03-22_21_25\data\downloads\downloaded\video,title_Hotel_Transylvania_3_2018_-_DJ_Battle_Scene_10_10_Movieclips-id_43OVm86-4rU-specs_256x144_24,43OVm86
Hunger_Games_Mockingjay_Hanging_Tree_Scene_+_District_5_Hydroelectric_Dam_Attack,data\2020-03-22_21_25\data\downloads\downloaded\audio,title_Hunger_Games_Mockingjay_Hanging_Tree_Scene_+_District_5_Hydroelectric_Dam_Attack-id_0Y1EmA2CU,0Y1EmA2CU,data\2020-03-22_21_25\data\downloads\downloaded\video,title_Hunger_Games_Mockingjay_Hanging_Tree_Scene_+_District_5_Hydroelectric_Dam_Attack-id_0Y1EmA2CU,0Y1EmA2CU
Hungry_Eyes_-_Dirty_Dancing_2_12_Movie_CLIP_1987_HD,data\2020-03-22_21_25\data\downloads\downloaded\audio,title_Hungry_Eyes_-_Dirty_Dancing_2_12_Movie_CLIP_1987_HD-id_-sYKI4A3uhc-specs_50.webm,,data\2020-03-22_21_25\data\downloads\downloaded\video,title_Hungry_Eyes_-_Dirty_Dancing_2_12_Movie_CLIP_1987_HD-id_-sYKI4A3uhc-specs_256x144_24.mp4,
INCEPTION_Movie_Best_Scene,data\2020-03-22_21_25\data\downloads\downloaded\audio,title_INCEPTION_Movie_Best_Scene-id_TAbbJT0ZXmk-specs_50.webm,TAbbJT0ZXmk,data\2020-03-22_21_25\data\downloads\downloaded\video,title_INCEPTION_Movie_Best_Scene-id_TAbbJT0ZXmk-specs_256x144_25.webm,TAbbJT0ZXmk
Il_Postino_scene_5-6,data\2020-03-22_21_25\data\downloads\downloaded\audio,title_Il_Postino_scene_5-6-id_OQfusjHRO4s-specs_50.webm,OQfusjHRO4s,data\2020-03-22_21_25\data\downloads\downloaded\video,title_Il_Postino_scene_5-6-id_OQfusjHRO4s-specs_240x144_24.mp4,OQfusjHRO4s
Inglourious_Basterds_6_9_Movie_CLIP_-_Ready_for_Revenge_2009_HD,data\2020-03-22_21_25\data\downloads\downloaded\audio,title_Inglourious_Basterds_6_9_Movie_CLIP_-_Ready_for_Revenge_2009_HD-id_6m5KyzSNu3s-specs_50.webm,6m5KyzSNu3s,data\2020-03-22_21_25\data\downloads\downloaded\video,title_Inglourious_Basterds_6_9_Movie_CLIP_-_Ready_for_Revenge_2009_HD-id_6m5KyzSNu3s-specs_256x144_,6m5KyzSNu3s
Iron_Man_2_Entrance_Scene_Full_HD_Shoot_to_Thrill,data\2020-03-22_21_25\data\downloads\downloaded\audio,title_Iron_Man_2_Entrance_Scene_Full_HD_Shoot_to_Thrill-id_4LIIhSHgjTw-specs_50.webm,4LIIhSHgjTw,data\2020-03-22_21_25\data\downloads\downloaded\video,title_Iron_Man_2_Entrance_Scene_Full_HD_Shoot_to_Thrill-id_4LIIhSHgjTw-specs_256x144_24.mp4,4LIIhSHgjTw
Jaws_1975_-_Brody_Kills_the_Beast_Scene_10_10_Movieclips,data\2020-03-22_21_25\data\downloads\downloaded\audio,title_Jaws_1975_-_Brody_Kills_the_Beast_Scene_10_10_Movieclips-id_FpxOLhuNXfM-specs_50.webm,FpxOLhuNXfM,data\2020-03-22_21_25\data\downloads\downloaded\video,title_Jaws_1975_-_Brody_Kills_the_Beast_Scene_10_10_Movieclips-id_FpxOLhuNXfM-specs_256x144_24.mp4,FpxOLhuNXfM
Jennifer_Aniston_Striptease_We_re_the_Millers,data\2020-03-22_21_25\data\downloads\downloaded\audio,title_Jennifer_Aniston_Striptease_We_re_the_Millers-id_XaeoPz9NlF4-specs_50.webm,XaeoPz9NlF4,data\2020-03-22_21_25\data\downloads\downloaded\video,title_Jennifer_Aniston_Striptease_We_re_the_Millers-id_XaeoPz9NlF4-specs_256x144_30.mp4,XaeoPz9NlF4
Joe_Esposito_-_You_re_The_Best_Around_Karate_Kid_soundtrack,data\2020-03-22_21_25\data\downloads\downloaded\audio,title_Joe_Esposito_-_You_re_The_Best_Around_Karate_Kid_soundtrack-id_oomCIXGzsR0-specs_50.webm,oomCIXGzsR0,data\2020-03-22_21_25\data\downloads\downloaded\video,title_Joe_Esposito_-_You_re_The_Best_Around_Karate_Kid_soundtrack-id_oomCIXGzsR0-specs_192x144_24.m,oomCIXGzsR0
Joker_Stairs_Dance_Complete_Scene_4K,data\2020-03-22_21_25\data\downloads\downloaded\audio,title_Joker_Stairs_Dance_Complete_Scene_4K-id_NgrM4_JMi9w-specs_50.webm,NgrM4_JMi9w,data\2020-03-22_21_25\data\downloads\downloaded\video,title_Joker_Stairs_Dance_Complete_Scene_4K-id_NgrM4_JMi9w-specs_256x144_24.mp4,NgrM4_JMi9w
Jupiter_and_Beyond_the_Infinite_Part_I,data\2020-03-22_21_25\data\downloads\downloaded\audio,title_Jupiter_and_Beyond_the_Infinite_Part_I-id_Imbxqv_5TJU-specs_50.webm,Imbxqv_5TJU,data\2020-03-22_21_25\data\downloads\downloaded\video,title_Jupiter_and_Beyond_the_Infinite_Part_I-id_Imbxqv_5TJU-specs_192x144_25.mp4,Imbxqv_5TJU
Just_Like_Honey_-_The_Jesus_and_Mary_Chain_Lost_in_Translation_ending_scene,data\2020-03-22_21_25\data\downloads\downloaded\audio,title_Just_Like_Honey_-_The_Jesus_and_Mary_Chain_Lost_in_Translation_ending_scene-id_gOpXt30kZCw-sp,gOpXt30kZCw,data\2020-03-22_21_25\data\downloads\downloaded\video,title_Just_Like_Honey_-_The_Jesus_and_Mary_Chain_Lost_in_Translation_ending_scene-id_gOpXt30kZCw-sp,gOpXt30kZCw
Kill_Bill_-_Vol._1_11_12_Movie_CLIP_-_Showdown_at_the_House_of_Blue_Leaves_2003_HD,data\2020-03-22_21_25\data\downloads\downloaded\audio,title_Kill_Bill_-_Vol._1_11_12_Movie_CLIP_-_Showdown_at_the_House_of_Blue_Leaves_2003_HD-id_EajaioM,EajaioM,data\2020-03-22_21_25\data\downloads\downloaded\video,title_Kill_Bill_-_Vol._1_11_12_Movie_CLIP_-_Showdown_at_the_House_of_Blue_Leaves_2003_HD-id_EajaioM,EajaioM
Kingsman_-_The_Golden_Circle_-_Whiskey_End_Fight_Scene,data\2020-03-22_21_25\data\downloads\downloaded\audio,title_Kingsman_-_The_Golden_Circle_-_Whiskey_End_Fight_Scene-id_Mt-ZN5wzLdQ-specs_50.webm,Mt,data\2020-03-22_21_25\data\downloads\downloaded\video,title_Kingsman_-_The_Golden_Circle_-_Whiskey_End_Fight_Scene-id_Mt-ZN5wzLdQ-specs_256x144_30.mp4,Mt
Koyaanisqatsi_-_Ending_Scene_Best_Quality,data\2020-03-22_21_25\data\downloads\downloaded\audio,title_Koyaanisqatsi_-_Ending_Scene_Best_Quality-id_OacVy8_nJi0-specs_50.webm,OacVy8_nJi0,data\2020-03-22_21_25\data\downloads\downloaded\video,title_Koyaanisqatsi_-_Ending_Scene_Best_Quality-id_OacVy8_nJi0-specs_256x144_24.mp4,OacVy8_nJi0
Koyaanisqatsi_-_Prophecies_part_1,data\2020-03-22_21_25\data\downloads\downloaded\audio,title_Koyaanisqatsi_-_Prophecies_part_1-id_yBqcXU0t_Xc-specs_48.m4a,yBqcXU0t_Xc,data\2020-03-22_21_25\data\downloads\downloaded\video,title_Koyaanisqatsi_-_Prophecies_part_1-id_yBqcXU0t_Xc-specs_256x138_24.mp4,yBqcXU0t_Xc
LOTR_The_Return_of_the_King_-_The_Ride_of_the_Rohirrim,data\2020-03-22_21_25\data\downloads\downloaded\audio,title_LOTR_The_Return_of_the_King_-_The_Ride_of_the_Rohirrim-id_Pis3veqKl8k-specs_50.webm,Pis3veqKl8k,data\2020-03-22_21_25\data\downloads\downloaded\video,title_LOTR_The_Return_of_the_King_-_The_Ride_of_the_Rohirrim-id_Pis3veqKl8k-specs_256x144_30.mp4,Pis3veqKl8k
La_La_Land_-_City_of_stars_scene,data\2020-03-22_21_25\data\downloads\downloaded\audio,title_La_La_Land_-_City_of_stars_scene-id_FJjPdUagmKM-specs_50.webm,FJjPdUagmKM,data\2020-03-22_21_25\data\downloads\downloaded\video,title_La_La_Land_-_City_of_stars_scene-id_FJjPdUagmKM-specs_256x144_24.webm,FJjPdUagmKM
Life_Is_Beautiful_Ending,data\2020-03-22_21_25\data\downloads\downloaded\audio,title_Life_Is_Beautiful_Ending-id_K7FW7t-N4jI-specs_50.webm,K7FW7t,data\2020-03-22_21_25\data\downloads\downloaded\video,title_Life_Is_Beautiful_Ending-id_K7FW7t-N4jI-specs_256x144_25.mp4,K7FW7t
Lighting_of_the_Beacons_-_The_Lord_of_the_Rings_-_The_Return_of_the_King,data\2020-03-22_21_25\data\downloads\downloaded\audio,title_Lighting_of_the_Beacons_-_The_Lord_of_the_Rings_-_The_Return_of_the_King-id_QhRFaY8A9cA-specs,QhRFaY8A9cA,data\2020-03-22_21_25\data\downloads\downloaded\video,title_Lighting_of_the_Beacons_-_The_Lord_of_the_Rings_-_The_Return_of_the_King-id_QhRFaY8A9cA-specs,QhRFaY8A9cA
Lola_Rennt_-_Ende,data\2020-03-22_21_25\data\downloads\downloaded\audio,title_Lola_Rennt_-_Ende-id_5Vb52h76tKI-specs_50.webm,5Vb52h76tKI,data\2020-03-22_21_25\data\downloads\downloaded\video,title_Lola_Rennt_-_Ende-id_5Vb52h76tKI-specs_256x144_13.mp4,5Vb52h76tKI
Lord_Of_The_Rings_ROTK_-_Battle_At_The_Black_Gate_HD_High_Quality,data\2020-03-22_21_25\data\downloads\downloaded\audio,title_Lord_Of_The_Rings_ROTK_-_Battle_At_The_Black_Gate_HD_High_Quality-id_17_ImViPryQ-specs_50.webm,17_ImViPryQ,data\2020-03-22_21_25\data\downloads\downloaded\video,title_Lord_Of_The_Rings_ROTK_-_Battle_At_The_Black_Gate_HD_High_Quality-id_17_ImViPryQ-specs_256x14,17_ImViPryQ
Love_Actually_-_Hugh_Grant_dancing,data\2020-03-22_21_25\data\downloads\downloaded\audio,title_Love_Actually_-_Hugh_Grant_dancing-id_aUm2K6eDuMU-specs_50.webm,aUm2K6eDuMU,data\2020-03-22_21_25\data\downloads\downloaded\video,title_Love_Actually_-_Hugh_Grant_dancing-id_aUm2K6eDuMU-specs_256x108_24.webm,aUm2K6eDuMU
Love_Actually_-_To_me_you_are_perfect,data\2020-03-22_21_25\data\downloads\downloaded\audio,title_Love_Actually_-_To_me_you_are_perfect-id_B7u6bMBlCXw-specs_50.webm,B7u6bMBlCXw,data\2020-03-22_21_25\data\downloads\downloaded\video,title_Love_Actually_-_To_me_you_are_perfect-id_B7u6bMBlCXw-specs_192x144_24.mp4,B7u6bMBlCXw
Love_Is_Strange_-_Dirty_Dancing_7_12_Movie_CLIP_1987_HD,data\2020-03-22_21_25\data\downloads\downloaded\audio,title_Love_Is_Strange_-_Dirty_Dancing_7_12_Movie_CLIP_1987_HD-id_aiilV691CzY-specs_50.webm,aiilV691CzY,data\2020-03-22_21_25\data\downloads\downloaded\video,title_Love_Is_Strange_-_Dirty_Dancing_7_12_Movie_CLIP_1987_HD-id_aiilV691CzY-specs_256x144_24.webm,aiilV691CzY
Ludovico_einaudi_-_una_mattina_intouchables_ending,data\2020-03-22_21_25\data\downloads\downloaded\audio,title_Ludovico_einaudi_-_una_mattina_intouchables_ending-id_rq2EnikiWp8-specs_50.webm,rq2EnikiWp8,data\2020-03-22_21_25\data\downloads\downloaded\video,title_Ludovico_einaudi_-_una_mattina_intouchables_ending-id_rq2EnikiWp8-specs_256x144_30.webm,rq2EnikiWp8
MIDNIGHT_COWBOY_-_EVERYBODY_S_TALKIN_-_NILSSON,data\2020-03-22_21_25\data\downloads\downloaded\audio,title_MIDNIGHT_COWBOY_-_EVERYBODY_S_TALKIN_-_NILSSON-id_9lb5LdJ7cLc-specs_50.webm,9lb5LdJ7cLc,data\2020-03-22_21_25\data\downloads\downloaded\video,title_MIDNIGHT_COWBOY_-_EVERYBODY_S_TALKIN_-_NILSSON-id_9lb5LdJ7cLc-specs_192x144_24.mp4,9lb5LdJ7cLc
Mamma_Mia_2008_-_Dancing_Queen_Scene_3_10_Movieclips,data\2020-03-22_21_25\data\downloads\downloaded\audio,title_Mamma_Mia_2008_-_Dancing_Queen_Scene_3_10_Movieclips-id_QRoWiTcO7dk-specs_50.webm,QRoWiTcO7dk,data\2020-03-22_21_25\data\downloads\downloaded\video,title_Mamma_Mia_2008_-_Dancing_Queen_Scene_3_10_Movieclips-id_QRoWiTcO7dk-specs_256x144_24.webm,QRoWiTcO7dk
Man_On_Fire_Final_Scene_Complete,data\2020-03-22_21_25\data\downloads\downloaded\audio,title_Man_On_Fire_Final_Scene_Complete-id_tlgz71v1oIk-specs_50.webm,tlgz71v1oIk,data\2020-03-22_21_25\data\downloads\downloaded\video,title_Man_On_Fire_Final_Scene_Complete-id_tlgz71v1oIk-specs_192x144_30.mp4,tlgz71v1oIk
Massive_Attack_v_Mos_Def_-_I_Against_I_Blade_2,data\2020-03-22_21_25\data\downloads\downloaded\audio,title_Massive_Attack_v_Mos_Def_-_I_Against_I_Blade_2-id__fkUccUFShs-specs_50.webm,_fkUccUFShs,data\2020-03-22_21_25\data\downloads\downloaded\video,title_Massive_Attack_v_Mos_Def_-_I_Against_I_Blade_2-id__fkUccUFShs-specs_192x144_15.mp4,_fkUccUFShs
Matrix_Reloaded_Music_scene_-_Burly_Brawl_-_Neo_vs_Smiths,data\2020-03-22_21_25\data\downloads\downloaded\audio,title_Matrix_Reloaded_Music_scene_-_Burly_Brawl_-_Neo_vs_Smiths-id_bb8KZps4woA-specs_50.webm,bb8KZps4woA,data\2020-03-22_21_25\data\downloads\downloaded\video,title_Matrix_Reloaded_Music_scene_-_Burly_Brawl_-_Neo_vs_Smiths-id_bb8KZps4woA-specs_256x144_24.mp4,bb8KZps4woA
Mean_Streets_-_De_Niro_s_entrance,data\2020-03-22_21_25\data\downloads\downloaded\audio,title_Mean_Streets_-_De_Niro_s_entrance-id_WZ7UwnfQ2nA-specs_50.webm,WZ7UwnfQ2nA,data\2020-03-22_21_25\data\downloads\downloaded\video,title_Mean_Streets_-_De_Niro_s_entrance-id_WZ7UwnfQ2nA-specs_256x144_12.mp4,WZ7UwnfQ2nA
Meet_Joe_Black_Lovemaking_Scene,data\2020-03-22_21_25\data\downloads\downloaded\audio,title_Meet_Joe_Black_Lovemaking_Scene-id_4nrYZh4Qwrs-specs_50.webm,4nrYZh4Qwrs,data\2020-03-22_21_25\data\downloads\downloaded\video,title_Meet_Joe_Black_Lovemaking_Scene-id_4nrYZh4Qwrs-specs_256x144_24.mp4,4nrYZh4Qwrs
Midnight_in_Paris_Intro_Scene,data\2020-03-22_21_25\data\downloads\downloaded\audio,title_Midnight_in_Paris_Intro_Scene-id_JABOZpoBYQE-specs_50.webm,JABOZpoBYQE,data\2020-03-22_21_25\data\downloads\downloaded\video,title_Midnight_in_Paris_Intro_Scene-id_JABOZpoBYQE-specs_256x138_24.mp4,JABOZpoBYQE
Missing_Bruce_Springsteen_---The_Crossing_Guard_1995,data\2020-03-22_21_25\data\downloads\downloaded\audio,title_Missing_Bruce_Springsteen_---The_Crossing_Guard_1995-id_3h8FG3XsfPY-specs_50.webm,3h8FG3XsfPY,data\2020-03-22_21_25\data\downloads\downloaded\video,title_Missing_Bruce_Springsteen_---The_Crossing_Guard_1995-id_3h8FG3XsfPY-specs_256x138_15.mp4,3h8FG3XsfPY
Mission_Bean_Funny_Clips_Official_Mr._Bean,data\2020-03-22_21_25\data\downloads\downloaded\audio,title_Mission_Bean_Funny_Clips_Official_Mr._Bean-id_mwMUJg2mfII-specs_50.webm,mwMUJg2mfII,data\2020-03-22_21_25\data\downloads\downloaded\video,title_Mission_Bean_Funny_Clips_Official_Mr._Bean-id_mwMUJg2mfII-specs_256x138_24.mp4,mwMUJg2mfII
Moulin_Rouge_-_02_Because_We_Can_Full_HD,data\2020-03-22_21_25\data\downloads\downloaded\audio,title_Moulin_Rouge_-_02_Because_We_Can_Full_HD-id_xCIzxvCs4jA-specs_50.webm,xCIzxvCs4jA,data\2020-03-22_21_25\data\downloads\downloaded\video,title_Moulin_Rouge_-_02_Because_We_Can_Full_HD-id_xCIzxvCs4jA-specs_256x144_30.webm,xCIzxvCs4jA
Mr.Bean_s_Holiday_Dance_Scene_HD,data\2020-03-22_21_25\data\downloads\downloaded\audio,title_Mr.Bean_s_Holiday_Dance_Scene_HD-id_0U9hKBEGLN8-specs_50.webm,0U9hKBEGLN8,data\2020-03-22_21_25\data\downloads\downloaded\video,title_Mr.Bean_s_Holiday_Dance_Scene_HD-id_0U9hKBEGLN8-specs_256x144_24.mp4,0U9hKBEGLN8
Noodles_I_slipped.._-_Once_Upon_A_Time_In_America_HD,data\2020-03-22_21_25\data\downloads\downloaded\audio,title_Noodles_I_slipped.._-_Once_Upon_A_Time_In_America_HD-id__McyI1IQfcM-specs_50.webm,_McyI1IQfcM,data\2020-03-22_21_25\data\downloads\downloaded\video,title_Noodles_I_slipped.._-_Once_Upon_A_Time_In_America_HD-id__McyI1IQfcM-specs_256x144_24.mp4,_McyI1IQfcM
Number23_Fabrizia_Scene_She_Wants_Revenge_Tear_You_Apart,data\2020-03-22_21_25\data\downloads\downloaded\audio,title_Number23_Fabrizia_Scene_She_Wants_Revenge_Tear_You_Apart-id_k8FLsZyA3kM-specs_50.webm,k8FLsZyA3kM,data\2020-03-22_21_25\data\downloads\downloaded\video,title_Number23_Fabrizia_Scene_She_Wants_Revenge_Tear_You_Apart-id_k8FLsZyA3kM-specs_256x110_24.mp4,k8FLsZyA3kM
Oceans_Twelve_Laser_Dance,data\2020-03-22_21_25\data\downloads\downloaded\audio,title_Oceans_Twelve_Laser_Dance-id_mr834Cs9ncs-specs_50.webm,mr834Cs9ncs,data\2020-03-22_21_25\data\downloads\downloaded\video,title_Oceans_Twelve_Laser_Dance-id_mr834Cs9ncs-specs_256x144_25.mp4,mr834Cs9ncs
Oceans_thirteen_MONTAGE_sequence,data\2020-03-22_21_25\data\downloads\downloaded\audio,title_Oceans_thirteen_MONTAGE_sequence-id_H1MzGHGwP90-specs_50.webm,H1MzGHGwP90,data\2020-03-22_21_25\data\downloads\downloaded\video,title_Oceans_thirteen_MONTAGE_sequence-id_H1MzGHGwP90-specs_256x108_25.mp4,H1MzGHGwP90
Office_Space_-_Printer_Scene_UNCENSORED,data\2020-03-22_21_25\data\downloads\downloaded\audio,title_Office_Space_-_Printer_Scene_UNCENSORED-id_N9wsjroVlu8-specs_50.webm,N9wsjroVlu8,data\2020-03-22_21_25\data\downloads\downloaded\video,title_Office_Space_-_Printer_Scene_UNCENSORED-id_N9wsjroVlu8-specs_256x144_30.webm,N9wsjroVlu8
Once_Upon_A_Time_In_America_-_Noodles_peeping_scene_1080p,data\2020-03-22_21_25\data\downloads\downloaded\audio,title_Once_Upon_A_Time_In_America_-_Noodles_peeping_scene_1080p-id_0diCvgWv_ng-specs_48.m4a,0diCvgWv_ng,data\2020-03-22_21_25\data\downloads\downloaded\video,title_Once_Upon_A_Time_In_America_-_Noodles_peeping_scene_1080p-id_0diCvgWv_ng-specs_256x144_24.mp4,0diCvgWv_ng
Once_Upon_A_Time_In_America_-_Remember,data\2020-03-22_21_25\data\downloads\downloaded\audio,title_Once_Upon_A_Time_In_America_-_Remember-id_2QzV99L4XIg-specs_50.webm,2QzV99L4XIg,data\2020-03-22_21_25\data\downloads\downloaded\video,title_Once_Upon_A_Time_In_America_-_Remember-id_2QzV99L4XIg-specs_238x144_15.mp4,2QzV99L4XIg
Once_upon_a_time_in_America_-_Yesterday_High_Quality,data\2020-03-22_21_25\data\downloads\downloaded\audio,title_Once_upon_a_time_in_America_-_Yesterday_High_Quality-id_TgGqdAAyJSQ-specs_50.webm,TgGqdAAyJSQ,data\2020-03-22_21_25\data\downloads\downloaded\video,title_Once_upon_a_time_in_America_-_Yesterday_High_Quality-id_TgGqdAAyJSQ-specs_192x144_25.webm,TgGqdAAyJSQ
Peppermint_1999_4_-Greek_film,data\2020-03-22_21_25\data\downloads\downloaded\audio,title_Peppermint_1999_4_-Greek_film-id_3CZS69awf5I-specs_48.m4a,3CZS69awf5I,data\2020-03-22_21_25\data\downloads\downloaded\video,title_Peppermint_1999_4_-Greek_film-id_3CZS69awf5I-specs_256x144_30.mp4,3CZS69awf5I
Phantom_Of_The_Opera_-_Masquerade,data\2020-03-22_21_25\data\downloads\downloaded\audio,title_Phantom_Of_The_Opera_-_Masquerade-id_8Bn4BAlp8NQ-specs_50.webm,8Bn4BAlp8NQ,data\2020-03-22_21_25\data\downloads\downloaded\video,title_Phantom_Of_The_Opera_-_Masquerade-id_8Bn4BAlp8NQ-specs_180x144_25.mp4,8Bn4BAlp8NQ
Phil_and_Rita_Dancing_in_Groundhog_Day,data\2020-03-22_21_25\data\downloads\downloaded\audio,title_Phil_and_Rita_Dancing_in_Groundhog_Day-id_0_UU_aqeKl4-specs_50.webm,0_UU_aqeKl4,data\2020-03-22_21_25\data\downloads\downloaded\video,title_Phil_and_Rita_Dancing_in_Groundhog_Day-id_0_UU_aqeKl4-specs_192x144_15.mp4,0_UU_aqeKl4
Popstar_2016_-_Incredible_Thoughts_Scene_10_10_Movieclips,data\2020-03-22_21_25\data\downloads\downloaded\audio,title_Popstar_2016_-_Incredible_Thoughts_Scene_10_10_Movieclips-id_WRlIDIu2qpg-specs_50.webm,WRlIDIu2qpg,data\2020-03-22_21_25\data\downloads\downloaded\video,title_Popstar_2016_-_Incredible_Thoughts_Scene_10_10_Movieclips-id_WRlIDIu2qpg-specs_256x144_24.mp4,WRlIDIu2qpg
Pretty_Woman_goes_shopping,data\2020-03-22_21_25\data\downloads\downloaded\audio,title_Pretty_Woman_goes_shopping-id_1_TZEsUhXRs-specs_50.webm,1_TZEsUhXRs,data\2020-03-22_21_25\data\downloads\downloaded\video,title_Pretty_Woman_goes_shopping-id_1_TZEsUhXRs-specs_256x138_24.mp4,1_TZEsUhXRs
Pulp_Fiction_-_Dance_Scene_HQ,data\2020-03-22_21_25\data\downloads\downloaded\audio,title_Pulp_Fiction_-_Dance_Scene_HQ-id_WSLMN6g_Od4-specs_50.webm,WSLMN6g_Od4,data\2020-03-22_21_25\data\downloads\downloaded\video,title_Pulp_Fiction_-_Dance_Scene_HQ-id_WSLMN6g_Od4-specs_256x108_24.mp4,WSLMN6g_Od4
Pumpkin_Ending_Scene_-_Christina_Ricci,data\2020-03-22_21_25\data\downloads\downloaded\audio,title_Pumpkin_Ending_Scene_-_Christina_Ricci-id_ucgnVBJAtac-specs_48.m4a,ucgnVBJAtac,data\2020-03-22_21_25\data\downloads\downloaded\video,title_Pumpkin_Ending_Scene_-_Christina_Ricci-id_ucgnVBJAtac-specs_256x144_30.mp4,ucgnVBJAtac
RAGING_BULL_-_Montage_Scene,data\2020-03-22_21_25\data\downloads\downloaded\audio,title_RAGING_BULL_-_Montage_Scene-id_L2xD-HYTPPI-specs_50.webm,L2xD,data\2020-03-22_21_25\data\downloads\downloaded\video,title_RAGING_BULL_-_Montage_Scene-id_L2xD-HYTPPI-specs_216x144_15.mp4,L2xD
Rain_Man_-_Casino_Scene,data\2020-03-22_21_25\data\downloads\downloaded\audio,title_Rain_Man_-_Casino_Scene-id_RW1qHA5Hqwc-specs_50.webm,RW1qHA5Hqwc,data\2020-03-22_21_25\data\downloads\downloaded\video,title_Rain_Man_-_Casino_Scene-id_RW1qHA5Hqwc-specs_192x144_25.mp4,RW1qHA5Hqwc
Rashomon_-_A_Ghastly_Discovery,data\2020-03-22_21_25\data\downloads\downloaded\audio,title_Rashomon_-_A_Ghastly_Discovery-id_GXygJmtnvm0-specs_50.webm,GXygJmtnvm0,data\2020-03-22_21_25\data\downloads\downloaded\video,title_Rashomon_-_A_Ghastly_Discovery-id_GXygJmtnvm0-specs_256x144_15.mp4,GXygJmtnvm0
Rashomon_Bandit_Sees_Wife,data\2020-03-22_21_25\data\downloads\downloaded\audio,title_Rashomon_Bandit_Sees_Wife-id_1paL7kbitDQ-specs_50.webm,1paL7kbitDQ,data\2020-03-22_21_25\data\downloads\downloaded\video,title_Rashomon_Bandit_Sees_Wife-id_1paL7kbitDQ-specs_192x144_27.mp4,1paL7kbitDQ
Reservoir_Dogs_Opening_Titles_Full_HD,data\2020-03-22_21_25\data\downloads\downloaded\audio,title_Reservoir_Dogs_Opening_Titles_Full_HD-id_q2Xi3ioasik-specs_50.webm,q2Xi3ioasik,data\2020-03-22_21_25\data\downloads\downloaded\video,title_Reservoir_Dogs_Opening_Titles_Full_HD-id_q2Xi3ioasik-specs_256x108_25.mp4,q2Xi3ioasik
RocknRolla_-_Russian_Song_HD,data\2020-03-22_21_25\data\downloads\downloaded\audio,title_RocknRolla_-_Russian_Song_HD-id_PeCKn6t5KnI-specs_50.webm,PeCKn6t5KnI,data\2020-03-22_21_25\data\downloads\downloaded\video,title_RocknRolla_-_Russian_Song_HD-id_PeCKn6t5KnI-specs_256x108_24.mp4,PeCKn6t5KnI
RocknRolla_Best_Scene_HD,data\2020-03-22_21_25\data\downloads\downloaded\audio,title_RocknRolla_Best_Scene_HD-id_MK1qkCQ-Jm4-specs_50.webm,MK1qkCQ,data\2020-03-22_21_25\data\downloads\downloaded\video,title_RocknRolla_Best_Scene_HD-id_MK1qkCQ-Jm4-specs_256x108_24.mp4,MK1qkCQ
Rocky_8_10_Movie_CLIP_-_Training_Montage_1976_HD,data\2020-03-22_21_25\data\downloads\downloaded\audio,title_Rocky_8_10_Movie_CLIP_-_Training_Montage_1976_HD-id__YYmfM2TfUA-specs_50.webm,_YYmfM2TfUA,data\2020-03-22_21_25\data\downloads\downloaded\video,title_Rocky_8_10_Movie_CLIP_-_Training_Montage_1976_HD-id__YYmfM2TfUA-specs_256x144_24.mp4,_YYmfM2TfUA
Rocky_II_Training_Montage_HD,data\2020-03-22_21_25\data\downloads\downloaded\audio,title_Rocky_II_Training_Montage_HD-id_ABg0c_E7OOI-specs_50.webm,ABg0c_E7OOI,data\2020-03-22_21_25\data\downloads\downloaded\video,title_Rocky_II_Training_Montage_HD-id_ABg0c_E7OOI-specs_256x144_30.mp4,ABg0c_E7OOI
Rue_s_Farewell_Rue_s_Death_The_Hunger_Games_full_scene_HQ,data\2020-03-22_21_25\data\downloads\downloaded\audio,title_Rue_s_Farewell_Rue_s_Death_The_Hunger_Games_full_scene_HQ-id_do1smOv8rf4-specs_50.webm,do1smOv8rf4,data\2020-03-22_21_25\data\downloads\downloaded\video,title_Rue_s_Farewell_Rue_s_Death_The_Hunger_Games_full_scene_HQ-id_do1smOv8rf4-specs_256x144_30.mp4,do1smOv8rf4
Rushmore_-_Pool_Scene_with_Bill_Murray,data\2020-03-22_21_25\data\downloads\downloaded\audio,title_Rushmore_-_Pool_Scene_with_Bill_Murray-id_elQ1SSyTjk4-specs_50.webm,elQ1SSyTjk4,data\2020-03-22_21_25\data\downloads\downloaded\video,title_Rushmore_-_Pool_Scene_with_Bill_Murray-id_elQ1SSyTjk4-specs_256x108_24.mp4,elQ1SSyTjk4
Rushmore_-_Revenge_Montage,data\2020-03-22_21_25\data\downloads\downloaded\audio,title_Rushmore_-_Revenge_Montage-id_SIxvwa1t-yA-specs_50.webm,SIxvwa1t,data\2020-03-22_21_25\data\downloads\downloaded\video,title_Rushmore_-_Revenge_Montage-id_SIxvwa1t-yA-specs_256x108_12.mp4,SIxvwa1t
Salma_Hayek_Snake_Dance_HD,data\2020-03-22_21_25\data\downloads\downloaded\audio,title_Salma_Hayek_Snake_Dance_HD-id_EdznDnhY9r4-specs_50.webm,EdznDnhY9r4,data\2020-03-22_21_25\data\downloads\downloaded\video,title_Salma_Hayek_Snake_Dance_HD-id_EdznDnhY9r4-specs_256x144_25.webm,EdznDnhY9r4
Say_Anything_-_Boombox_Scene_HD_1080,data\2020-03-22_21_25\data\downloads\downloaded\audio,title_Say_Anything_-_Boombox_Scene_HD_1080-id_uXxN_ylX7Tw-specs_50.webm,uXxN_ylX7Tw,data\2020-03-22_21_25\data\downloads\downloaded\video,title_Say_Anything_-_Boombox_Scene_HD_1080-id_uXxN_ylX7Tw-specs_256x144_30.mp4,uXxN_ylX7Tw
Shaun_of_the_Dead_-_Don_t_Stop_Me_Now,data\2020-03-22_21_25\data\downloads\downloaded\audio,title_Shaun_of_the_Dead_-_Don_t_Stop_Me_Now-id_W4tVH7BPb-Q-specs_50.webm,W4tVH7BPb,data\2020-03-22_21_25\data\downloads\downloaded\video,title_Shaun_of_the_Dead_-_Don_t_Stop_Me_Now-id_W4tVH7BPb-Q-specs_256x112_24.mp4,W4tVH7BPb
Shrek_2001_-_Now_I_m_a_Believer_Scene_10_10_Movieclips,data\2020-03-22_21_25\data\downloads\downloaded\audio,title_Shrek_2001_-_Now_I_m_a_Believer_Scene_10_10_Movieclips-id_a3bI7kbVBwM-specs_50.webm,a3bI7kbVBwM,data\2020-03-22_21_25\data\downloads\downloaded\video,title_Shrek_2001_-_Now_I_m_a_Believer_Scene_10_10_Movieclips-id_a3bI7kbVBwM-specs_256x144_24.mp4,a3bI7kbVBwM
Shutter_Island_best_scene,data\2020-03-22_21_25\data\downloads\downloaded\audio,title_Shutter_Island_best_scene-id_lmmJsgfNSIM-specs_50.webm,lmmJsgfNSIM,data\2020-03-22_21_25\data\downloads\downloaded\video,title_Shutter_Island_best_scene-id_lmmJsgfNSIM-specs_192x144_30.mp4,lmmJsgfNSIM
Snow_Falling_on_Cedars_1999_-_Tarawa_scene,data\2020-03-22_21_25\data\downloads\downloaded\audio,title_Snow_Falling_on_Cedars_1999_-_Tarawa_scene-id_042UxUQww2I-specs_48.m4a,042UxUQww2I,data\2020-03-22_21_25\data\downloads\downloaded\video,title_Snow_Falling_on_Cedars_1999_-_Tarawa_scene-id_042UxUQww2I-specs_256x110_25.mp4,042UxUQww2I
Solaris_by_Andrej_Tarkovskij_-_Levitation_full_scene,data\2020-03-22_21_25\data\downloads\downloaded\audio,title_Solaris_by_Andrej_Tarkovskij_-_Levitation_full_scene-id_FcglyhUre4w-specs_50.webm,FcglyhUre4w,data\2020-03-22_21_25\data\downloads\downloaded\video,title_Solaris_by_Andrej_Tarkovskij_-_Levitation_full_scene-id_FcglyhUre4w-specs_256x144_25.webm,FcglyhUre4w
Someone_In_The_Crowd_La_La_Land_2016_Official_Movie_Clip,data\2020-03-22_21_25\data\downloads\downloaded\audio,title_Someone_In_The_Crowd_La_La_Land_2016_Official_Movie_Clip-id_A7RmBgq4tT4-specs_50.webm,A7RmBgq4tT4,data\2020-03-22_21_25\data\downloads\downloaded\video,title_Someone_In_The_Crowd_La_La_Land_2016_Official_Movie_Clip-id_A7RmBgq4tT4-specs_256x102_30.mp4,A7RmBgq4tT4
Spartans_Part_II_Astenios_Death,data\2020-03-22_21_25\data\downloads\downloaded\audio,title_Spartans_Part_II_Astenios_Death-id_5okHkftNTqM-specs_50.webm,5okHkftNTqM,data\2020-03-22_21_25\data\downloads\downloaded\video,title_Spartans_Part_II_Astenios_Death-id_5okHkftNTqM-specs_192x144_25.mp4,5okHkftNTqM
Spider-Man_3_2007_-_Cool_Peter_Parker_Scene_5_10_Movieclips,data\2020-03-22_21_25\data\downloads\downloaded\audio,title_Spider-Man_3_2007_-_Cool_Peter_Parker_Scene_5_10_Movieclips-id_rDGRAHBojWE-specs_50.webm,rDGRAHBojWE,data\2020-03-22_21_25\data\downloads\downloaded\video,title_Spider-Man_3_2007_-_Cool_Peter_Parker_Scene_5_10_Movieclips-id_rDGRAHBojWE-specs_256x144_24.m,rDGRAHBojWE
Spider-Man_3_2007_-_Jazz_Club_Dance_Scene_6_10_Movieclips,data\2020-03-22_21_25\data\downloads\downloaded\audio,title_Spider-Man_3_2007_-_Jazz_Club_Dance_Scene_6_10_Movieclips-id_iX23r272kqg-specs_50.webm,iX23r272kqg,data\2020-03-22_21_25\data\downloads\downloaded\video,title_Spider-Man_3_2007_-_Jazz_Club_Dance_Scene_6_10_Movieclips-id_iX23r272kqg-specs_256x144_24.mp4,iX23r272kqg
Star_Wars_-_The_Last_Jedi_2017_Skywalker_vs_Kylo_Ren,data\2020-03-22_21_25\data\downloads\downloaded\audio,title_Star_Wars_-_The_Last_Jedi_2017_Skywalker_vs_Kylo_Ren-id_YdgxfH_nPIY-specs_50.webm,YdgxfH_nPIY,data\2020-03-22_21_25\data\downloads\downloaded\video,title_Star_Wars_-_The_Last_Jedi_2017_Skywalker_vs_Kylo_Ren-id_YdgxfH_nPIY-specs_256x108_30.mp4,YdgxfH_nPIY
Star_Wars_Episode_7_-_Rey_Finds_Luke_Skywalker_Ending,data\2020-03-22_21_25\data\downloads\downloaded\audio,title_Star_Wars_Episode_7_-_Rey_Finds_Luke_Skywalker_Ending-id_nfsG-ZXyjeA-specs_50.webm,nfsG,data\2020-03-22_21_25\data\downloads\downloaded\video,title_Star_Wars_Episode_7_-_Rey_Finds_Luke_Skywalker_Ending-id_nfsG-ZXyjeA-specs_256x144_30.mp4,nfsG
Step_Up_2_-_Final_Dance_1080p_HD,data\2020-03-22_21_25\data\downloads\downloaded\audio,title_Step_Up_2_-_Final_Dance_1080p_HD-id_GUHMqQ47Vns-specs_50.webm,GUHMqQ47Vns,data\2020-03-22_21_25\data\downloads\downloaded\video,title_Step_Up_2_-_Final_Dance_1080p_HD-id_GUHMqQ47Vns-specs_256x138_24.mp4,GUHMqQ47Vns
Step_Up_3D_Broken_Tango_Jazmine_Sullivan_-_Bust_Your_Windows,data\2020-03-22_21_25\data\downloads\downloaded\audio,title_Step_Up_3D_Broken_Tango_Jazmine_Sullivan_-_Bust_Your_Windows-id_LXl817M50Ps-specs_50.webm,LXl817M50Ps,data\2020-03-22_21_25\data\downloads\downloaded\video,title_Step_Up_3D_Broken_Tango_Jazmine_Sullivan_-_Bust_Your_Windows-id_LXl817M50Ps-specs_256x144_24,LXl817M50Ps
Stuck_In_The_Middle_With_You_-_Reservoir_Dogs_1992,data\2020-03-22_21_25\data\downloads\downloaded\audio,title_Stuck_In_The_Middle_With_You_-_Reservoir_Dogs_1992-id_XIMg2Xw4_8s-specs_50.webm,XIMg2Xw4_8s,data\2020-03-22_21_25\data\downloads\downloaded\video,title_Stuck_In_The_Middle_With_You_-_Reservoir_Dogs_1992-id_XIMg2Xw4_8s-specs_192x144_30.mp4,XIMg2Xw4_8s
Suicide_squad_ending_scene,data\2020-03-22_21_25\data\downloads\downloaded\audio,title_Suicide_squad_ending_scene-id_HuRso-wP6Jg-specs_50.webm,HuRso,data\2020-03-22_21_25\data\downloads\downloaded\video,title_Suicide_squad_ending_scene-id_HuRso-wP6Jg-specs_256x106_30.mp4,HuRso
Terminator_2_Judgement_Day_-_Bar_Scene_Fight_Scene,data\2020-03-22_21_25\data\downloads\downloaded\audio,title_Terminator_2_Judgement_Day_-_Bar_Scene_Fight_Scene-id_xZFsIueKx78-specs_50.webm,xZFsIueKx78,data\2020-03-22_21_25\data\downloads\downloaded\video,title_Terminator_2_Judgement_Day_-_Bar_Scene_Fight_Scene-id_xZFsIueKx78-specs_256x144_30.mp4,xZFsIueKx78
The_Big_Chill_-_Heard_It_Through_the_Grapevine,data\2020-03-22_21_25\data\downloads\downloaded\audio,title_The_Big_Chill_-_Heard_It_Through_the_Grapevine-id_h0KbKONipqg-specs_50.webm,h0KbKONipqg,data\2020-03-22_21_25\data\downloads\downloaded\video,title_The_Big_Chill_-_Heard_It_Through_the_Grapevine-id_h0KbKONipqg-specs_256x144_12.mp4,h0KbKONipqg
The_Big_Lebowski_Jesus_Scene_HD_720p,data\2020-03-22_21_25\data\downloads\downloaded\audio,title_The_Big_Lebowski_Jesus_Scene_HD_720p-id_lWz8NGIisMo-specs_50.webm,lWz8NGIisMo,data\2020-03-22_21_25\data\downloads\downloaded\video,title_The_Big_Lebowski_Jesus_Scene_HD_720p-id_lWz8NGIisMo-specs_256x138_24.mp4,lWz8NGIisMo
The_Blues_Brothers_-_The_Pickup,data\2020-03-22_21_25\data\downloads\downloaded\audio,title_The_Blues_Brothers_-_The_Pickup-id_BrMnkbkzvik-specs_50.webm,BrMnkbkzvik,data\2020-03-22_21_25\data\downloads\downloaded\video,title_The_Blues_Brothers_-_The_Pickup-id_BrMnkbkzvik-specs_256x134_25.webm,BrMnkbkzvik
The_Blues_Brothers_1980_-_Rawhide_Scene_5_9_Movieclips,data\2020-03-22_21_25\data\downloads\downloaded\audio,title_The_Blues_Brothers_1980_-_Rawhide_Scene_5_9_Movieclips-id_RdR6MN2jKYs-specs_50.webm,RdR6MN2jKYs,data\2020-03-22_21_25\data\downloads\downloaded\video,title_The_Blues_Brothers_1980_-_Rawhide_Scene_5_9_Movieclips-id_RdR6MN2jKYs-specs_256x144_24.mp4,RdR6MN2jKYs
The_Blues_Brothers_1980_-_Shake_a_Tail_Feather_Scene_4_9_Movieclips,data\2020-03-22_21_25\data\downloads\downloaded\audio,title_The_Blues_Brothers_1980_-_Shake_a_Tail_Feather_Scene_4_9_Movieclips-id_qdbrIrFxas0-specs_50.w,qdbrIrFxas0,data\2020-03-22_21_25\data\downloads\downloaded\video,title_The_Blues_Brothers_1980_-_Shake_a_Tail_Feather_Scene_4_9_Movieclips-id_qdbrIrFxas0-specs_256x,qdbrIrFxas0
The_Departed_-_Final_Scene_Payback,data\2020-03-22_21_25\data\downloads\downloaded\audio,title_The_Departed_-_Final_Scene_Payback-id_V3f9UJTmgd0-specs_50.webm,V3f9UJTmgd0,data\2020-03-22_21_25\data\downloads\downloaded\video,title_The_Departed_-_Final_Scene_Payback-id_V3f9UJTmgd0-specs_216x144_30.webm,V3f9UJTmgd0
The_Departed_-_Shipping_up_to_boston_intro_scene,data\2020-03-22_21_25\data\downloads\downloaded\audio,title_The_Departed_-_Shipping_up_to_boston_intro_scene-id_xrc1prw96-Y-specs_50.webm,xrc1prw96,data\2020-03-22_21_25\data\downloads\downloaded\video,title_The_Departed_-_Shipping_up_to_boston_intro_scene-id_xrc1prw96-Y-specs_256x104_24.mp4,xrc1prw96
The_Departed_Opening_Gimme_Shelter_.mp4,data\2020-03-22_21_25\data\downloads\downloaded\audio,title_The_Departed_Opening_Gimme_Shelter_.mp4-id_kIsyHKsjftY-specs_50.webm,kIsyHKsjftY,data\2020-03-22_21_25\data\downloads\downloaded\video,title_The_Departed_Opening_Gimme_Shelter_.mp4-id_kIsyHKsjftY-specs_256x140_15.mp4,kIsyHKsjftY
The_Emperor_Arrives_-_Star_Wars_Episode_VI_Return_of_the_Jedi_HD,data\2020-03-22_21_25\data\downloads\downloaded\audio,title_The_Emperor_Arrives_-_Star_Wars_Episode_VI_Return_of_the_Jedi_HD-id_O2F91Up9fT8-specs_50.webm,O2F91Up9fT8,data\2020-03-22_21_25\data\downloads\downloaded\video,title_The_Emperor_Arrives_-_Star_Wars_Episode_VI_Return_of_the_Jedi_HD-id_O2F91Up9fT8-specs_256x144,O2F91Up9fT8
The_Hobbit_-_An_Unexpected_Journey_-_Battling_the_Trolls_Scene_5_10_Movieclips,data\2020-03-22_21_25\data\downloads\downloaded\audio,title_The_Hobbit_-_An_Unexpected_Journey_-_Battling_the_Trolls_Scene_5_10_Movieclips-id_TeSzBaedb2Y,TeSzBaedb2Y,data\2020-03-22_21_25\data\downloads\downloaded\video,title_The_Hobbit_-_An_Unexpected_Journey_-_Battling_the_Trolls_Scene_5_10_Movieclips-id_TeSzBaedb2Y,TeSzBaedb2Y
The_Illusionist_END_Scene,data\2020-03-22_21_25\data\downloads\downloaded\audio,title_The_Illusionist_END_Scene-id_pvy3fR8rJDg-specs_48.m4a,pvy3fR8rJDg,data\2020-03-22_21_25\data\downloads\downloaded\video,title_The_Illusionist_END_Scene-id_pvy3fR8rJDg-specs_256x144_24.mp4,pvy3fR8rJDg
The_Karate_Kid_2010_-_Six_Versus_One_Scene_1_10_Movieclips,data\2020-03-22_21_25\data\downloads\downloaded\audio,title_The_Karate_Kid_2010_-_Six_Versus_One_Scene_1_10_Movieclips-id_E-wr7dD1n5w-specs_50.webm,E,data\2020-03-22_21_25\data\downloads\downloaded\video,title_The_Karate_Kid_2010_-_Six_Versus_One_Scene_1_10_Movieclips-id_E-wr7dD1n5w-specs_256x144_24.mp4,E
The_Last_Of_The_Mohicans_End_Scene_HD,data\2020-03-22_21_25\data\downloads\downloaded\audio,title_The_Last_Of_The_Mohicans_End_Scene_HD-id_q8ZisDHg6v0-specs_50.webm,q8ZisDHg6v0,data\2020-03-22_21_25\data\downloads\downloaded\video,title_The_Last_Of_The_Mohicans_End_Scene_HD-id_q8ZisDHg6v0-specs_256x144_30.mp4,q8ZisDHg6v0
The_Lives_of_others_-_ending_scene,data\2020-03-22_21_25\data\downloads\downloaded\audio,title_The_Lives_of_others_-_ending_scene-id_XYUB7bw-kjg-specs_48.m4a,XYUB7bw,data\2020-03-22_21_25\data\downloads\downloaded\video,title_The_Lives_of_others_-_ending_scene-id_XYUB7bw-kjg-specs_256x144_29.mp4,XYUB7bw
The_Magnificent_Seven_2_12_Movie_CLIP_-_Standoff_at_the_Cemetery_1960_HD,data\2020-03-22_21_25\data\downloads\downloaded\audio,title_The_Magnificent_Seven_2_12_Movie_CLIP_-_Standoff_at_the_Cemetery_1960_HD-id_yjEcOkwV2MU-specs,yjEcOkwV2MU,data\2020-03-22_21_25\data\downloads\downloaded\video,title_The_Magnificent_Seven_2_12_Movie_CLIP_-_Standoff_at_the_Cemetery_1960_HD-id_yjEcOkwV2MU-specs,yjEcOkwV2MU
The_Mask_of_Zorro_4_8_Movie_CLIP_-_A_Very_Spirited_Dancer_1998_HD,data\2020-03-22_21_25\data\downloads\downloaded\audio,title_The_Mask_of_Zorro_4_8_Movie_CLIP_-_A_Very_Spirited_Dancer_1998_HD-id_kaJv6L8vF-Y-specs_50.webm,kaJv6L8vF,data\2020-03-22_21_25\data\downloads\downloaded\video,title_The_Mask_of_Zorro_4_8_Movie_CLIP_-_A_Very_Spirited_Dancer_1998_HD-id_kaJv6L8vF-Y-specs_256x14,kaJv6L8vF
The_Name_of_the_Rose_-_Labyrinth_Library_Part_1986,data\2020-03-22_21_25\data\downloads\downloaded\audio,title_The_Name_of_the_Rose_-_Labyrinth_Library_Part_1986-id_qC9EG9Vh9CA-specs_50.webm,qC9EG9Vh9CA,data\2020-03-22_21_25\data\downloads\downloaded\video,title_The_Name_of_the_Rose_-_Labyrinth_Library_Part_1986-id_qC9EG9Vh9CA-specs_256x144_30.webm,qC9EG9Vh9CA
The_Phantom_of_the_Opera,data\2020-03-22_21_25\data\downloads\downloaded\audio,title_The_Phantom_of_the_Opera-id_pgz6PnHkmpY-specs_50.webm,pgz6PnHkmpY,data\2020-03-22_21_25\data\downloads\downloaded\video,title_The_Phantom_of_the_Opera-id_pgz6PnHkmpY-specs_256x144_25.webm,pgz6PnHkmpY
The_Polar_Express_2004_-_Back_on_Track_Scene_2_5_Movieclips,data\2020-03-22_21_25\data\downloads\downloaded\audio,title_The_Polar_Express_2004_-_Back_on_Track_Scene_2_5_Movieclips-id_Cht63QybtiA-specs_50.webm,Cht63QybtiA,data\2020-03-22_21_25\data\downloads\downloaded\video,title_The_Polar_Express_2004_-_Back_on_Track_Scene_2_5_Movieclips-id_Cht63QybtiA-specs_256x144_24.m,Cht63QybtiA
The_Prince_of_Egypt_1998_-_Deliver_Us_Scene_1_10_Movieclips,data\2020-03-22_21_25\data\downloads\downloaded\audio,title_The_Prince_of_Egypt_1998_-_Deliver_Us_Scene_1_10_Movieclips-id_1-WimijgGEU-specs_50.webm,1,data\2020-03-22_21_25\data\downloads\downloaded\video,title_The_Prince_of_Egypt_1998_-_Deliver_Us_Scene_1_10_Movieclips-id_1-WimijgGEU-specs_256x144_24.m,1
The_Prince_of_Egypt_1998_-_The_10_Plagues_Scene_6_10_Movieclips,data\2020-03-22_21_25\data\downloads\downloaded\audio,title_The_Prince_of_Egypt_1998_-_The_10_Plagues_Scene_6_10_Movieclips-id_GJleW4TCQM0-specs_50.webm,GJleW4TCQM0,data\2020-03-22_21_25\data\downloads\downloaded\video,title_The_Prince_of_Egypt_1998_-_The_10_Plagues_Scene_6_10_Movieclips-id_GJleW4TCQM0-specs_256x144_,GJleW4TCQM0
The_Prince_of_Egypt_1998_-_When_You_Believe_Scene_8_10_Movieclips,data\2020-03-22_21_25\data\downloads\downloaded\audio,title_The_Prince_of_Egypt_1998_-_When_You_Believe_Scene_8_10_Movieclips-id_NieC8KA0EvI-specs_50.webm,NieC8KA0EvI,data\2020-03-22_21_25\data\downloads\downloaded\video,title_The_Prince_of_Egypt_1998_-_When_You_Believe_Scene_8_10_Movieclips-id_NieC8KA0EvI-specs_256x14,NieC8KA0EvI
The_Secret_Life_of_Pets_-_Get_the_Keys_Scene_8_10_Movieclips,data\2020-03-22_21_25\data\downloads\downloaded\audio,title_The_Secret_Life_of_Pets_-_Get_the_Keys_Scene_8_10_Movieclips-id_HPGSDBjsSWI-specs_50.webm,HPGSDBjsSWI,data\2020-03-22_21_25\data\downloads\downloaded\video,title_The_Secret_Life_of_Pets_-_Get_the_Keys_Scene_8_10_Movieclips-id_HPGSDBjsSWI-specs_256x144_24,HPGSDBjsSWI
The_Shawshank_Redemption_Opera_Scene,data\2020-03-22_21_25\data\downloads\downloaded\audio,title_The_Shawshank_Redemption_Opera_Scene-id_qzuM2XTnpSA-specs_50.webm,qzuM2XTnpSA,data\2020-03-22_21_25\data\downloads\downloaded\video,title_The_Shawshank_Redemption_Opera_Scene-id_qzuM2XTnpSA-specs_256x144_30.mp4,qzuM2XTnpSA
The_Shining_-_steadishot_by_Garret_Brown,data\2020-03-22_21_25\data\downloads\downloaded\audio,title_The_Shining_-_steadishot_by_Garret_Brown-id_cy7ztJ3NUMI-specs_50.webm,cy7ztJ3NUMI,data\2020-03-22_21_25\data\downloads\downloaded\video,title_The_Shining_-_steadishot_by_Garret_Brown-id_cy7ztJ3NUMI-specs_192x144_25.mp4,cy7ztJ3NUMI
The_Shining_1980_-_Here_s_Johnny_Scene_7_7_Movieclips,data\2020-03-22_21_25\data\downloads\downloaded\audio,title_The_Shining_1980_-_Here_s_Johnny_Scene_7_7_Movieclips-id_WDpipB4yehk-specs_50.webm,WDpipB4yehk,data\2020-03-22_21_25\data\downloads\downloaded\video,title_The_Shining_1980_-_Here_s_Johnny_Scene_7_7_Movieclips-id_WDpipB4yehk-specs_256x144_24.webm,WDpipB4yehk
The_Shining_first_scene_1080p,data\2020-03-22_21_25\data\downloads\downloaded\audio,title_The_Shining_first_scene_1080p-id_kiV3J_e977Q-specs_50.webm,kiV3J_e977Q,data\2020-03-22_21_25\data\downloads\downloaded\video,title_The_Shining_first_scene_1080p-id_kiV3J_e977Q-specs_256x144_24.mp4,kiV3J_e977Q
The_Shower_-_Psycho_5_12_Movie_CLIP_1960_HD,data\2020-03-22_21_25\data\downloads\downloaded\audio,title_The_Shower_-_Psycho_5_12_Movie_CLIP_1960_HD-id_0WtDmbr9xyY-specs_50.webm,0WtDmbr9xyY,data\2020-03-22_21_25\data\downloads\downloaded\video,title_The_Shower_-_Psycho_5_12_Movie_CLIP_1960_HD-id_0WtDmbr9xyY-specs_256x144_24.webm,0WtDmbr9xyY
The_Tango_-_Scent_of_a_Woman_4_8_Movie_CLIP_1992_HD,data\2020-03-22_21_25\data\downloads\downloaded\audio,title_The_Tango_-_Scent_of_a_Woman_4_8_Movie_CLIP_1992_HD-id_F2zTd_YwTvo-specs_50.webm,F2zTd_YwTvo,data\2020-03-22_21_25\data\downloads\downloaded\video,title_The_Tango_-_Scent_of_a_Woman_4_8_Movie_CLIP_1992_HD-id_F2zTd_YwTvo-specs_256x144_24.mp4,F2zTd_YwTvo
The_play_and_Neverland_scene_-_Finding_Neverland_in_720p_HD,data\2020-03-22_21_25\data\downloads\downloaded\audio,title_The_play_and_Neverland_scene_-_Finding_Neverland_in_720p_HD-id_or4o4Qwsn0s-specs_50.webm,or4o4Qwsn0s,data\2020-03-22_21_25\data\downloads\downloaded\video,title_The_play_and_Neverland_scene_-_Finding_Neverland_in_720p_HD-id_or4o4Qwsn0s-specs_256x108_24.m,or4o4Qwsn0s
Thor_Ragnarok_Final_Battle_-_Immigrant_Song_HD,data\2020-03-22_21_25\data\downloads\downloaded\audio,title_Thor_Ragnarok_Final_Battle_-_Immigrant_Song_HD-id_Ihjx3mX75y8-specs_50.webm,Ihjx3mX75y8,data\2020-03-22_21_25\data\downloads\downloaded\video,title_Thor_Ragnarok_Final_Battle_-_Immigrant_Song_HD-id_Ihjx3mX75y8-specs_256x144_25.mp4,Ihjx3mX75y8
Thunderclap_Newman_-_Something_in_the_Air_-_Strawberry_Statement,data\2020-03-22_21_25\data\downloads\downloaded\audio,title_Thunderclap_Newman_-_Something_in_the_Air_-_Strawberry_Statement-id_q9tMSfC7E38-specs_50.webm,q9tMSfC7E38,data\2020-03-22_21_25\data\downloads\downloaded\video,title_Thunderclap_Newman_-_Something_in_the_Air_-_Strawberry_Statement-id_q9tMSfC7E38-specs_192x144,q9tMSfC7E38
Titanic_-_I_m_Flying_Scene,data\2020-03-22_21_25\data\downloads\downloaded\audio,title_Titanic_-_I_m_Flying_Scene-id_8MDPeL8lpzo-specs_50.webm,8MDPeL8lpzo,data\2020-03-22_21_25\data\downloads\downloaded\video,title_Titanic_-_I_m_Flying_Scene-id_8MDPeL8lpzo-specs_192x144_25.mp4,8MDPeL8lpzo
Trainspotting_-_Just_A_Perfect_Day_Scene_1080p_HD_LOL_-_Follow_Link_to_Watch_Movie,data\2020-03-22_21_25\data\downloads\downloaded\audio,title_Trainspotting_-_Just_A_Perfect_Day_Scene_1080p_HD_LOL_-_Follow_Link_to_Watch_Movie-id__IDJpB9,_IDJpB9,data\2020-03-22_21_25\data\downloads\downloaded\video,title_Trainspotting_-_Just_A_Perfect_Day_Scene_1080p_HD_LOL_-_Follow_Link_to_Watch_Movie-id__IDJpB9,_IDJpB9
Ulysse_s_Gaze_1996_-_The_Border_across_Albania,data\2020-03-22_21_25\data\downloads\downloaded\audio,title_Ulysse_s_Gaze_1996_-_The_Border_across_Albania-id_Cf-EuW2oIF8-specs_50.webm,Cf,data\2020-03-22_21_25\data\downloads\downloaded\video,title_Ulysse_s_Gaze_1996_-_The_Border_across_Albania-id_Cf-EuW2oIF8-specs_256x144_15.webm,Cf
Upgrade_2018_-_STEM_Takes_Over_Scene_10_10_Movieclips,data\2020-03-22_21_25\data\downloads\downloaded\audio,title_Upgrade_2018_-_STEM_Takes_Over_Scene_10_10_Movieclips-id_-DqmTaUK-Ow-specs_50.webm,,data\2020-03-22_21_25\data\downloads\downloaded\video,title_Upgrade_2018_-_STEM_Takes_Over_Scene_10_10_Movieclips-id_-DqmTaUK-Ow-specs_256x144_24.webm,
We_ll_Meet_Again_-_Dr_Strangelove_-_Final_Scene,data\2020-03-22_21_25\data\downloads\downloaded\audio,title_We_ll_Meet_Again_-_Dr_Strangelove_-_Final_Scene-id_cIpTE-aHEZ0-specs_48.m4a,cIpTE,data\2020-03-22_21_25\data\downloads\downloaded\video,title_We_ll_Meet_Again_-_Dr_Strangelove_-_Final_Scene-id_cIpTE-aHEZ0-specs_256x144_30.mp4,cIpTE
Whiplash_Amazing_Final_Performance_Caravan_Part_1_Whiplash_2014_1080p_HD,data\2020-03-22_21_25\data\downloads\downloaded\audio,title_Whiplash_Amazing_Final_Performance_Caravan_Part_1_Whiplash_2014_1080p_HD-id_ZZY-Ytrw2co-specs,ZZY,data\2020-03-22_21_25\data\downloads\downloaded\video,title_Whiplash_Amazing_Final_Performance_Caravan_Part_1_Whiplash_2014_1080p_HD-id_ZZY-Ytrw2co-specs,ZZY
Willy_Wonka_the_Chocolate_Factory_-_Pure_Imagination_Scene_4_10_Movieclips,data\2020-03-22_21_25\data\downloads\downloaded\audio,title_Willy_Wonka_the_Chocolate_Factory_-_Pure_Imagination_Scene_4_10_Movieclips-id_LIYNk4ARUR8-spe,LIYNk4ARUR8,data\2020-03-22_21_25\data\downloads\downloaded\video,title_Willy_Wonka_the_Chocolate_Factory_-_Pure_Imagination_Scene_4_10_Movieclips-id_LIYNk4ARUR8-spe,LIYNk4ARUR8
Yojimbo_Akira_Kurosawa_1961_-_Mifune_Kicks_Ass_Scene,data\2020-03-22_21_25\data\downloads\downloaded\audio,title_Yojimbo_Akira_Kurosawa_1961_-_Mifune_Kicks_Ass_Scene-id_zCjsazHO0c0-specs_50.webm,zCjsazHO0c0,data\2020-03-22_21_25\data\downloads\downloaded\video,title_Yojimbo_Akira_Kurosawa_1961_-_Mifune_Kicks_Ass_Scene-id_zCjsazHO0c0-specs_256x144_24.mp4,zCjsazHO0c0
Zerkalo_The_Mirror_1975_-_Second_scene,data\2020-03-22_21_25\data\downloads\downloaded\audio,title_Zerkalo_The_Mirror_1975_-_Second_scene-id_R2-DaRZzh0I-specs_50.webm,R2,data\2020-03-22_21_25\data\downloads\downloaded\video,title_Zerkalo_The_Mirror_1975_-_Second_scene-id_R2-DaRZzh0I-specs_208x144_12.mp4,R2
Zoobi_Doobi_3_Idiots_Full_Song_Feat._Aamir_Khan_Kareena_Kapoor,data\2020-03-22_21_25\data\downloads\downloaded\audio,title_Zoobi_Doobi_3_Idiots_Full_Song_Feat._Aamir_Khan_Kareena_Kapoor-id_yJ1uLVgv3Vg-specs_50.webm,yJ1uLVgv3Vg,data\2020-03-22_21_25\data\downloads\downloaded\video,title_Zoobi_Doobi_3_Idiots_Full_Song_Feat._Aamir_Khan_Kareena_Kapoor-id_yJ1uLVgv3Vg-specs_256x144_2,yJ1uLVgv3Vg
_,data\2020-03-22_21_25\data\downloads\downloaded\audio,title__-id_mFqBONrJRJU-specs_50.webm,mFqBONrJRJU,data\2020-03-22_21_25\data\downloads\downloaded\video,title__-id_mFqBONrJRJU-specs_192x144_25.mp4,mFqBONrJRJU
_,data\2020-03-22_21_25\data\downloads\downloaded\audio,title__-id_mFqBONrJRJU-specs_50.webm,mFqBONrJRJU,data\2020-03-22_21_25\data\downloads\downloaded\video,title__-id_ORMhGTOj-Rk-specs_192x144_25.mp4,ORMhGTOj
_,data\2020-03-22_21_25\data\downloads\downloaded\audio,title__-id_mFqBONrJRJU-specs_50.webm,mFqBONrJRJU,data\2020-03-22_21_25\data\downloads\downloaded\video,title__-id_UHl9gklg1UQ-specs_256x144_30.mp4,UHl9gklg1UQ
_,data\2020-03-22_21_25\data\downloads\downloaded\audio,title__-id_ORMhGTOj-Rk-specs_50.webm,ORMhGTOj,data\2020-03-22_21_25\data\downloads\downloaded\video,title__-id_mFqBONrJRJU-specs_192x144_25.mp4,mFqBONrJRJU
_,data\2020-03-22_21_25\data\downloads\downloaded\audio,title__-id_ORMhGTOj-Rk-specs_50.webm,ORMhGTOj,data\2020-03-22_21_25\data\downloads\downloaded\video,title__-id_ORMhGTOj-Rk-specs_192x144_25.mp4,ORMhGTOj
_,data\2020-03-22_21_25\data\downloads\downloaded\audio,title__-id_ORMhGTOj-Rk-specs_50.webm,ORMhGTOj,data\2020-03-22_21_25\data\downloads\downloaded\video,title__-id_UHl9gklg1UQ-specs_256x144_30.mp4,UHl9gklg1UQ
_,data\2020-03-22_21_25\data\downloads\downloaded\audio,title__-id_UHl9gklg1UQ-specs_50.webm,UHl9gklg1UQ,data\2020-03-22_21_25\data\downloads\downloaded\video,title__-id_mFqBONrJRJU-specs_192x144_25.mp4,mFqBONrJRJU
_,data\2020-03-22_21_25\data\downloads\downloaded\audio,title__-id_UHl9gklg1UQ-specs_50.webm,UHl9gklg1UQ,data\2020-03-22_21_25\data\downloads\downloaded\video,title__-id_ORMhGTOj-Rk-specs_192x144_25.mp4,ORMhGTOj
_,data\2020-03-22_21_25\data\downloads\downloaded\audio,title__-id_UHl9gklg1UQ-specs_50.webm,UHl9gklg1UQ,data\2020-03-22_21_25\data\downloads\downloaded\video,title__-id_UHl9gklg1UQ-specs_256x144_30.mp4,UHl9gklg1UQ
goodfellas_-_jimmy_conway,data\2020-03-22_21_25\data\downloads\downloaded\audio,title_goodfellas_-_jimmy_conway-id_yDSAieOq4AE-specs_50.webm,yDSAieOq4AE,data\2020-03-22_21_25\data\downloads\downloaded\video,title_goodfellas_-_jimmy_conway-id_yDSAieOq4AE-specs_256x142_15.mp4,yDSAieOq4AE
