film,track_name,artist,url
forrest gump,Hound Dog,Elvis Presley,https://open.spotify.com/track/5TSzvj4hkFhaeyUqTncSww
forrest gump,Hound Dog,Elvis Presley,https://open.spotify.com/track/2UkWpJGuuJlOwGBAzdmTct
forrest gump,Rebel-'Rouser,Duane Eddy,https://open.spotify.com/track/1x9caAbwkGLB0Lv8k5AVf0
forrest gump,Fortunate Son,Creedence Clearwater Revival,https://open.spotify.com/track/0Ko737UNjXO17LK4Urdlwo
forrest gump,(I Don't Know Why) But I Do,"Clarence ""Frogman"" Henry",https://open.spotify.com/track/0lnBhIrUSKbtCgUObVmj6x
forrest gump,"I Can't Help Myself (Sugar Pie, Honey Bunch) - Album Version / Stereo",Four Tops,https://open.spotify.com/track/5bVmyBW1QYvHVZgZutVBiK
forrest gump,Respect,Aretha Franklin,https://open.spotify.com/track/3OYh9wHWqWD6bpmO3WQNlM
forrest gump,Rainy Day Women #12 & 35,Bob Dylan,https://open.spotify.com/track/7BkAlVpGwXXl3sYNn5OoJ7
forrest gump,Sloop John B - 1996 - Remaster,The Beach Boys,https://open.spotify.com/track/3s6sy7kVpWbZz6WNVYVva6
forrest gump,California Dreamin' - Single Version,The Mamas & The Papas,https://open.spotify.com/track/7xinzPqSmPSstVougBIL1i
forrest gump,For What It's Worth,Buffalo Springfield,https://open.spotify.com/track/1qRA5BS78u3gME0loMl9AA
forrest gump,What The World Needs Now Is Love,Jackie DeShannon,https://open.spotify.com/track/4NcZRogeUuzaNcx7OCqUfE
forrest gump,Break On Through [To The Other Side] - New Stereo Mix Advanced Resolution,The Doors,https://open.spotify.com/track/7rNzap95cCcOafjFtofpBk
forrest gump,Mrs. Robinson,Simon & Garfunkel,https://open.spotify.com/track/6J1sj9dcEM91H80NIz1Gpo
forrest gump,Volunteers - Remastered,Jefferson Airplane,https://open.spotify.com/track/7pTL00cPeIGhvVNlq5qP0k
forrest gump,Let's Get Together,The Youngbloods,https://open.spotify.com/track/4ZewxSPZxwMU91AIeTU5n4
forrest gump,San Francisco (Be Sure To Wear Flowers In Your Hair),Scott McKenzie,https://open.spotify.com/track/4E5945wi7zS3svdqxGwIxF
forrest gump,Aquarius/Let The Sunshine In - Digitally Remastered 1997,The 5th Dimension,https://open.spotify.com/track/2ShPwzhzws28zqNvsVcAvi
forrest gump,Turn! Turn! Turn!,The Byrds,https://open.spotify.com/track/2BFQjL5Fj76qy5kn8UmWJo
forrest gump,"Everybody's Talkin' - From ""Midnight Cowboy""",Harry Nilsson,https://open.spotify.com/track/7CAhxeaTYXn1qWNRkZl9ad
forrest gump,Mr. President (Have Pity On The Working Man),Randy Newman,https://open.spotify.com/track/2BK55qYSoRqrCFTwDyeT8z
forrest gump,Sweet Home Alabama,Lynyrd Skynyrd,https://open.spotify.com/track/7HR024DKw3SnKzCDJp3Bnf
forrest gump,Fresh off the Farm,Taylor Red,https://open.spotify.com/track/294CDXmtDOu5bkiQWk185U
forrest gump,In the End I'm Back to Me,Steady Rollin,https://open.spotify.com/track/5krsxwnFjW6RG9YgnWoVdq
forrest gump,Good With a Gun,Luke Hendrickson,https://open.spotify.com/track/29pzbXUDRDhsuP3EO0dJji
forrest gump,A Place Called Home,Natasha Hemmings,https://open.spotify.com/track/6krI8zEMwut3lb8q8LtaIY
forrest gump,I Can See Clearly Now,The Side Deal,https://open.spotify.com/track/3CaQXySrZS7rV73cjSFvuZ
forrest gump,Feel for You,The Balcony,https://open.spotify.com/track/1XFqL3WYZrssLCzvJAyRzF
forrest gump,"Heads Carolina, Tails California",Ryan Hamilton,https://open.spotify.com/track/0dqAtgXXI05rqoa4jU1jWG
forrest gump,Believe in Love,KAZ,https://open.spotify.com/track/2Bspn5pLDwltWe3U1ZqB5u
forrest gump,You Won't Know,Sons Of Levin,https://open.spotify.com/track/0nYHmuIzrFOnF3pJSx1H9F
forrest gump,Couldn't Promise You Rain #4,Clint Wilson,https://open.spotify.com/track/24QYnV0YcTEuxZNpAQ9qSX
forrest gump,Alibi,El Gato Del Rio,https://open.spotify.com/track/20cOgq1RptHZ2bblOhVmrE
forrest gump,Vie,Julian Kerins,https://open.spotify.com/track/1JblXmHvvXhB50zOLveKVw
forrest gump,Come on With Me,Patrick Cornell,https://open.spotify.com/track/3r6F3YhLPoyVdR2BnqJGm2
forrest gump,Was It Me,Dsus,https://open.spotify.com/track/3EJ5nleQoOMRet6klsi52D
forrest gump,If I Were,Martin Krampl & Mikuláš Schneider Trnavský,https://open.spotify.com/track/5KeSxfdan2Q3zb1oyQMBYi
forrest gump,Coronavirus Blues,David Alley,https://open.spotify.com/track/5GVyY1MPTJQYYSP1HVwMAp
forrest gump,Just Enough,Rules Of This Game,https://open.spotify.com/track/2rojkNJxtMNBx1HLNO0j3a
forrest gump,Fourth Man in the Fire,Josh Schneider,https://open.spotify.com/track/1BbZWOJfZe1jSLzS9WYe3K
forrest gump,Dancing Shoes (Remix),Cabela and Schmitt,https://open.spotify.com/track/42rWrljFhcVcbSTARzaYhQ
forrest gump,God and Democracy,Pete Muller,https://open.spotify.com/track/2w2iJLfUWSHyS3Mc8CsMNy
forrest gump,Thanks To You,Tyler Hutton,https://open.spotify.com/track/7GERarlUar17c9TdatemTE
forrest gump,Do Travel,Night Cap,https://open.spotify.com/track/3K11v1cXaHU6B9gtCoW6fD
forrest gump,We Stand Together (Stewart Sullivan Mix),Daytona,https://open.spotify.com/track/0lhbMDzl3uMatEYp2qNGpk
forrest gump,A New Way of Love,Randy Hall,https://open.spotify.com/track/7mHDFav5exULU93HAgIDgF
forrest gump,Little Ol' Me,Qwiet Type,https://open.spotify.com/track/7HlrkOKdmC5QbY5SW6STm6
forrest gump,Find My Way,Yesterday's Youth,https://open.spotify.com/track/1NKs90bNKA68Vn6XfPF84S
forrest gump,Let's Go,Sam Fazio,https://open.spotify.com/track/2clEzGqKfuz3UEt7bMvPEl
forrest gump,Paul's Way,Todd Warner Moore,https://open.spotify.com/track/5IpGs9Fwkptkpx12Pl12VO
forrest gump,The Things We Lose,Tobias the Owl,https://open.spotify.com/track/2j6LYvTlF8cCP7gq6sZkON
forrest gump,What You Won't Say,Red Yawn,https://open.spotify.com/track/04sriPEb13bUBdPbh7klMG
forrest gump,Small Towns,Jordan Riley,https://open.spotify.com/track/4Fcyyldoag4C916E9rGvEQ
forrest gump,Unconditional,Jack's World,https://open.spotify.com/track/56ConFXS5oftGJDJ2fi2PT
forrest gump,Forever,Savoy Ellis,https://open.spotify.com/track/1ifBFSyRniP6Hq3mWRvPEP
forrest gump,Downtown Train,Sam Fazio,https://open.spotify.com/track/6r4TKCewYwgKLnJAndQcpN
forrest gump,I'm Home,Kylee Laynee,https://open.spotify.com/track/0lgCfxWZrETt8y6rLdCBj3
forrest gump,Momma Always Knows,Anthony Figliano,https://open.spotify.com/track/1X5XZCe26gtppNNALbfF6f
forrest gump,Feelings,Moses Mikheyev,https://open.spotify.com/track/5biETCYKOfuxb8Eud83OMj
forrest gump,Call Me One for the Road,Rusty Gear,https://open.spotify.com/track/3lihFwX8weAKCZaWxpestN
forrest gump,Road Less Traveled - Alternate Mix,Vanishing Shores,https://open.spotify.com/track/5KMEQIzSuv6g9HkxAZJu1c
forrest gump,The Lights,Modern Hinterland,https://open.spotify.com/track/7muIcpJZoCz277S1A8JMYO
forrest gump,The Johnnies (A Through Z),Mitchell Dancik & The Senators,https://open.spotify.com/track/1OUzgpEaYKpk7m6cP0gP1u
forrest gump,Mama Said,Six Gun Sal,https://open.spotify.com/track/2MHsqU0Kn41mX7T7nyFJe3
forrest gump,SOS,Caitlin Quisenberry,https://open.spotify.com/track/3i1pWvnLtgAroy2zYgsWAW
forrest gump,Vibrations,Jack's World,https://open.spotify.com/track/6RKcHtsVgsbwUahwi9qlD4
forrest gump,One Step to the Top,Duff Ferguson,https://open.spotify.com/track/7j4CzAPyz7bpwErJMaYOkD
forrest gump,Chicken Solid,Still Rise,https://open.spotify.com/track/2sZVW3DGvgcAxe8P9tX76R
forrest gump,It Keeps You Runnin',The Doobie Brothers,https://open.spotify.com/track/5wFdcY9O6cEn1PL6V3AEmu
forrest gump,Family,Starcoast,https://open.spotify.com/track/55qPBMAumKCQMp3E1xSCOf
forrest gump,I've Got to Use My Imagination,Gladys Knight & The Pips,https://open.spotify.com/track/5hVgHNO0v5JczP7LVqh4oi
forrest gump,Sweet Child O' Mine,Guns N' Roses,https://open.spotify.com/track/7o2CTH4ctstm8TNelqjb51
forrest gump,Enter Sandman,Metallica,https://open.spotify.com/track/5sICkBXVmaCQk5aISGR3x1
forrest gump,Back In Black,AC/DC,https://open.spotify.com/track/08mG3Y1vljYA6bvDt4Wqkj
forrest gump,On The Road Again,Willie Nelson,https://open.spotify.com/track/5s9wyZPvRc38hswkwEkxsS
almost famous,The Chipmunk Song (Christmas Don't Be Late) - Remastered 1999,Alvin & The Chipmunks,https://open.spotify.com/track/02NKMA9cIkq6VuBNu9q9Wf
almost famous,Oogum Boogum Song,Brenton Wood,https://open.spotify.com/track/2lQVU5JTZrgsXkL7mf1mdR
almost famous,America,Simon & Garfunkel,https://open.spotify.com/track/6Cdd38Y9v3hl2INqBXWCUQ
almost famous,Sparks,The Who,https://open.spotify.com/track/2fZtwQHfvbuNycHaENyy9g
almost famous,Search and Destroy - Iggy Pop Mix,The Stooges,https://open.spotify.com/track/00sydAz6PeOxYzwG1dRIPi
almost famous,It Wouldn't Have Made Any Difference,Todd Rundgren,https://open.spotify.com/track/00f5cJ88kjiyCLJebRHgAY
almost famous,Paranoid,Black Sabbath,https://open.spotify.com/track/3L8WgDYS5TtwbyxOPSAiFf
almost famous,Teacher,Jethro Tull,https://open.spotify.com/track/1e75rLMvgoIGX5wnwUA7q0
almost famous,Roundabout - 2003 Remaster,Yes,https://open.spotify.com/track/0YveezON7jpiaHA8fnUHxN
almost famous,"I've Seen All Good People: a. Your Move, b. All Good People - 2003 Remaster",Yes,https://open.spotify.com/track/3skk6UIXV4kepq2bdYy97g
almost famous,Feel Flows - Remastered,The Beach Boys,https://open.spotify.com/track/2Fqonrsr6cjPTGH2Up3Pmf
almost famous,River,Joni Mitchell,https://open.spotify.com/track/0DAmSYQW9kq9gQNDI002KP
almost famous,Fever Dog,Still Water,https://open.spotify.com/track/17ribeMLicoXq1CViOl9Bh
almost famous,Sweet Leaf,Black Sabbath,https://open.spotify.com/track/1kF18pc7kiJBmiHPBLo6RS
almost famous,Every Picture Tells A Story,Rod Stewart,https://open.spotify.com/track/31tmVKD525scjdLql4v9sh
almost famous,Small Time Blues - Acoustic,Pete Droge,https://open.spotify.com/track/12Z8n88VTyQbEOWpBVw71c
almost famous,Easy to Slip,Little Feat,https://open.spotify.com/track/1P4mGKsE85xRyvCh88F3mo
almost famous,Go All The Way,Raspberries,https://open.spotify.com/track/75GQIYnRaBg7ndHxhfYuQy
almost famous,Mr. Farmer,The Seeds,https://open.spotify.com/track/3vMD8nPtK2mTQ5YVIQDNR2
almost famous,One Way Out,The Allman Brothers Band,https://open.spotify.com/track/02kxH7tt09xfBOCx5xolwe
almost famous,Albert Flasher - Single Version,The Guess Who,https://open.spotify.com/track/5midLdAchBf8qGpZrQgA1n
almost famous,Simple Man,Lynyrd Skynyrd,https://open.spotify.com/track/3bB66GhyUtnqYDQHm9ZBR5
almost famous,That's the Way - 1993 Remaster,Led Zeppelin,https://open.spotify.com/track/5pXwxVKaFeXzJLSehUJ1nG
almost famous,Everybody Knows This Is Nowhere - 2009 Remaster,Neil Young,https://open.spotify.com/track/1vVsBCkVMYdLhgiC4F54G4
almost famous,Future Games,Fleetwood Mac,https://open.spotify.com/track/021JldNpXGATNSC69edcBT
almost famous,Cortez the Killer,Neil Young,https://open.spotify.com/track/2RxqiKD6ztd7nT9w1uwiNC
almost famous,Burn,Deep Purple,https://open.spotify.com/track/15SDEryIqhhWZKaewQDTWF
almost famous,Dear Jill - 2006 Remastered Version,Blodwyn Pig,https://open.spotify.com/track/0XkfDCVrBC35hF9ZD0ES3B
almost famous,Tiny Dancer,Elton John,https://open.spotify.com/track/0a93gOQyRFfc2tVtup7JVP
almost famous,Looking at You,MC5,https://open.spotify.com/track/50w6PJJmcNzmqlQwts40x1
almost famous,Reelin' In The Years,Steely Dan,https://open.spotify.com/track/1Vet0EkiVZ8pTixwJEaCVb
almost famous,Lucky Trumble,Nancy Wilson,https://open.spotify.com/track/2qk54rLaZYxGYpbGlJruNj
almost famous,I'm Waiting For The Man - Album Version (Stereo),The Velvet Underground,https://open.spotify.com/track/2J9GLqNATExevUPvpLU1Sl
almost famous,The Wind,Yusuf / Cat Stevens,https://open.spotify.com/track/1L70BbUDG0C4EJQ1ZF10sG
almost famous,Voodoo Child (Slight Return),Jimi Hendrix,https://open.spotify.com/track/6d3I7THB2bONUkxOo1DvmZ
almost famous,Slip Away,Clarence Carter,https://open.spotify.com/track/7r3Hwig1mvtlVq0ZbJ09Wb
almost famous,Misty Mountain Hop - 1990 Remaster,Led Zeppelin,https://open.spotify.com/track/4kOCN0SaJiIlMYn0Qgdr8m
almost famous,Wishing Well,Free,https://open.spotify.com/track/206MIMLOL9OUdySdSUSlbC
almost famous,The Cover Of The Rolling Stone,Dr. Hook,https://open.spotify.com/track/6VFFWFTEMzHznyQTFH0K6p
almost famous,Mona Lisas And Mad Hatters,Elton John,https://open.spotify.com/track/4lBV4EO5yZvv1bDlk38hjK
almost famous,My Cherie Amour,Stevie Wonder,https://open.spotify.com/track/7njZh7zfFuSHCufWu6OzID
almost famous,The Rain Song - 2012 Remaster,Led Zeppelin,https://open.spotify.com/track/3JLrri1xSCui3bzITDJbkk
almost famous,Bron-Yr-Aur - 1993 Remaster,Led Zeppelin,https://open.spotify.com/track/6kpMYSZ58MkohGS7OkO4A9
almost famous,Tangerine - 1990 Remaster,Led Zeppelin,https://open.spotify.com/track/5QIQOa1D5ciyi30rqdynWq
blues brothers,Somebody Loan Me A Dime,Fenton Robinson,https://open.spotify.com/track/71zy5nvPveBvRVhR5IduJW
blues brothers,She Caught the Katy,The Blues Brothers,https://open.spotify.com/track/0Xrk5qLPV212FdgjlttQLM
blues brothers,Shake Your Money Maker,Elmore James,https://open.spotify.com/track/2VxnY6jbl0SckkZp9wrNF7
blues brothers,The Old Landmark (feat. James Brown with Rev. James Cleveland Choir),The Blues Brothers,https://open.spotify.com/track/5FuQNRtqHqrsDL3UCRbewQ
blues brothers,Jailhouse Rock,The Blues Brothers,https://open.spotify.com/track/4VYwOqIPhjtjucRgU48dv0
blues brothers,The Old Landmark,C&C Productions,https://open.spotify.com/track/24RZkLmynkamYiMXPBoIoQ
blues brothers,Soothe Me,Sam & Dave,https://open.spotify.com/track/3pL0x4IUqemNfzJPn5Hvbi
blues brothers,"Hold On, I'm Comin'",Sam & Dave,https://open.spotify.com/track/05sVrpO8zmtycAzEkttoSt
blues brothers,Peter Gunn Theme,The Blues Brothers,https://open.spotify.com/track/68IH3sYANDxWiaayhtt3oR
blues brothers,Let the Good Times Roll,Louis Jordan,https://open.spotify.com/track/1dKPQL4gHgahgs8FrqAOvv
blues brothers,Boom Boom,John Lee Hooker,https://open.spotify.com/track/2CU8WUplpBbehlCvSIYmlG
blues brothers,Think,The Blues Brothers,https://open.spotify.com/track/6kie23fo40j9gBNWGWg5Dc
blues brothers,Shake a Tail Feather (feat. Ray Charles),The Blues Brothers,https://open.spotify.com/track/4L2laOh04x7g7WjEtY8PkZ
blues brothers,Boogie Chillun,John Lee Hooker,https://open.spotify.com/track/0AyuXBS2btC46SOUgnOZ2N
blues brothers,Your Cheatin' Heart,Patsy Cline,https://open.spotify.com/track/1DWadR94BvNa8Ba7c3VILO
blues brothers,Gimme Some Lovin',The Blues Brothers,https://open.spotify.com/track/53p1SzTC0sBH9HAPD8MOOu
blues brothers,Theme from Rawhide,The Blues Brothers,https://open.spotify.com/track/4P60VVMdkWcwGMBC7r4Kgp
blues brothers,I'm Walkin',Fats Domino,https://open.spotify.com/track/4z63jB7Ucg9HXMoKmOaN64
blues brothers,Minnie the Moocher,The Blues Brothers,https://open.spotify.com/track/4CuMH5gdkI8gLIvKoeCwXm
blues brothers,Opening: I Can't Turn You Loose - Live Version,The Blues Brothers,https://open.spotify.com/track/5yGzKkwFTQmVkV6PKSj2Ak
blues brothers,Everybody Needs Somebody to Love,The Blues Brothers,https://open.spotify.com/track/1CtKHwDqsH3ctcCCI18N0g
blues brothers,Sweet Home Chicago,The Blues Brothers,https://open.spotify.com/track/1OJO3vsGqwbIQuLPGeY2Sb
blues brothers,"Jailhouse Rock (From ""The Blues Brothers"")",The Showcast,https://open.spotify.com/track/6d02PdtnlxF5zcZBAZdG9u
blues brothers,The Old Landmark (feat. James Brown with Rev. James Cleveland Choir),The Blues Brothers,https://open.spotify.com/track/5FuQNRtqHqrsDL3UCRbewQ
school of rock,Stay Free - Remastered,The Clash,https://open.spotify.com/track/32rUsiLCvd1yZWr4UFUoiu
school of rock,Do You Remember Rock 'n' Roll Radio? - 2002 Remaster,Ramones,https://open.spotify.com/track/2Ck23L2znrPAFiyopqzWUj
school of rock,Concierto de Aranjuez: II. Adagio (arr. for flugelhorn),Joaquín Rodrigo,https://open.spotify.com/track/0FsgIAihFyGOTfZMipHuPj
school of rock,Iron Man,Black Sabbath,https://open.spotify.com/track/4BWtaaeVIRsR5HgLfuJAB9
school of rock,Highway to Hell,AC/DC,https://open.spotify.com/track/2zYzyRzz6pRmhPzyfMEC8s
school of rock,Back In Black,AC/DC,https://open.spotify.com/track/08mG3Y1vljYA6bvDt4Wqkj
school of rock,Substitute - Single Version,The Who,https://open.spotify.com/track/2SWpDaorS0j7fXFj9AJtFG
school of rock,Roadrunner,Jonathan Richman & The Modern Lovers,https://open.spotify.com/track/6KKMaySM5L8r1drPrebwN9
school of rock,The Wait,Metallica,https://open.spotify.com/track/5dnQOq6Pgcd4SAjUSzAy9w
school of rock,Sad Wings,Brand New Sin,https://open.spotify.com/track/0qajit3Z2YMlEGh4aMovqB
school of rock,Mouthful Of Love,Young Heart Attack,https://open.spotify.com/track/3Vh5P89kid3dIQdkLMktTg
school of rock,Black Shuck,The Darkness,https://open.spotify.com/track/1ACGHc4pgbk6wrwg0CkHGT
school of rock,Immigrant Song - 1990 Remaster,Led Zeppelin,https://open.spotify.com/track/6kjlvJLh2DBsSQtqVzFh8I
school of rock,Set You Free,The Black Keys,https://open.spotify.com/track/2cGKpvG1sGtoA3OjNEIMOO
school of rock,Edge of Seventeen,Stevie Nicks,https://open.spotify.com/track/2id8E4WvczfKHB4LHI7Np3
school of rock,For Those About to Rock (We Salute You),AC/DC,https://open.spotify.com/track/17lu4tymfnhmcIDlzBbtAb
school of rock,Ballrooms Of Mars,T. Rex,https://open.spotify.com/track/5HAOJdzhQj33hrosuzzfoK
school of rock,Moonage Daydream - 2012 Remaster,David Bowie,https://open.spotify.com/track/6mib3N4E8PZHAGQ3xy7bho
school of rock,T.V. Eye - Remastered,The Stooges,https://open.spotify.com/track/5z79Fpw4FEEkSzt8Lbwr46
school of rock,Ride Into The Sun - 2015 Remastered Session Outtake,The Velvet Underground,https://open.spotify.com/track/6nX6a7XFWRPMfaBea5WIxl
school of rock,It's a Long Way to the Top (If You Wanna Rock 'N' Roll),AC/DC,https://open.spotify.com/track/7nemcVsXVFZF01iqpIIo2Y
school of rock,Touch Me,The Doors,https://open.spotify.com/track/4BVE5tIIpYabZcYCbephNW
school of rock,Smoke On The Water - Remastered 2012,Deep Purple,https://open.spotify.com/track/5MMnwYs0hIxkENRsbkWJ2G
school of rock,Sunshine Of Your Love,Cream,https://open.spotify.com/track/2BcvvHttiZRvguFM4hR398
school of rock,Growing on Me,The Darkness,https://open.spotify.com/track/77asYwewm0lXvz76inosJm
school of rock,Bonzo Goes To Bitburg - File Under Ramones Album Version,Huntingtons,https://open.spotify.com/track/5hYb2O44wOiLu8cjIWpFeZ
school of rock,School of Rock (Teacher's Pet),The Original Broadway Cast Of School Of Rock,https://open.spotify.com/track/3lbtAQu0xBhbVXwgmxj9zy
grease,Grease - From “Grease” Original Motion Picture Soundtrack,Frankie Valli,https://open.spotify.com/track/1KnckjAZIi2mE9EdBLTJmX
grease,Summer Nights - From “Grease” Soundtrack,John Travolta,https://open.spotify.com/track/1CPCDaur2BxlCW0BVsf6rH
grease,"Hopelessly Devoted To You - From ""Grease"" Original Motion Picture Soundtrack",Olivia Newton-John,https://open.spotify.com/track/02Hk9cT3I8WehA7J5l9yCL
grease,"You're The One That I Want - From ""Grease"" Original Motion Picture Soundtrack",John Travolta,https://open.spotify.com/track/1pj3RzpA5AoXkZln0NockI
grease,Sandy - From “Grease” Soundtrack,John Travolta,https://open.spotify.com/track/1usziuhFGBtZkdAlUoiZzJ
grease,Beauty School Dropout,Billy Porter,https://open.spotify.com/track/62fEoJAMq0QbH5lpZMe1my
grease,"Look at Me, I'm Sandra Dee (Reprise)",Susan Wood,https://open.spotify.com/track/2EKZs45jnbxNJ9EFiy1TWC
grease,Greased Lightnin' - From “Grease” Soundtrack,John Travolta,https://open.spotify.com/track/0t7WhYsl5seMz896jS113q
grease,It's Raining On Prom Night,The Chicago Performers,https://open.spotify.com/track/1t2Kvv40jAC8yOQ5g5ONe3
grease,Da Funk,MEDIKAL,https://open.spotify.com/track/1RqAQdolASl7InSLH8dEbr
grease,Alone At the Drive in Movie,The Chicago Performers,https://open.spotify.com/track/0KucTyuwbo9gzgyqfeG4Tr
grease,Blue Moon,Sha Na Na,https://open.spotify.com/track/4rCyJikg4hv1d2Ua5A0io8
grease,Rock´n Roll Is Here to Stay,The Allen Starr Musical Theatre,https://open.spotify.com/track/58ktT6NVhWM55lrtA2oM2f
grease,Hound Dog,Sha Na Na,https://open.spotify.com/track/5DCkFkFtu7zimXPn1oNsu9
grease,Born to Hand Jive,The Allen Starr Musical Theatre,https://open.spotify.com/track/3U3qVFC4KtbvM8Wg5QYm6a
grease,Tears on My Pillow,Sha Na Na,https://open.spotify.com/track/5iJV8dFS1XFGHkjJ8sEt5s
grease,Mooning,The Chicago Performers,https://open.spotify.com/track/0EJIQCPwIMiCyrGDFce5Pk
grease,"Freddy, My Love",Megan Mullally,https://open.spotify.com/track/1wv541eJQQ1wImfAyRLV0k
grease,Rock 'n' Roll Party Queen,Sam Harris,https://open.spotify.com/track/4GsQSfakau2G0RiVtNrwVc
grease,There Are Worse Things I Could Do (Glee Cast Version) (feat. Kate Hudson),Glee Cast,https://open.spotify.com/track/2z1DR0bNunlqbO3uPRwvYD
grease,"Look at Me, I'm Sandra Dee (From ""Grease"")",Rosie O'Donnell,https://open.spotify.com/track/4AMubnlO5f2VuVzn5vMGnf
grease,We Go Together,Alexandre Desplat,https://open.spotify.com/track/7ciTZoxqPMMvxJLNiFZDTH
grease,Love Is A Many-splendored Thing,The Four Aces,https://open.spotify.com/track/7Kbb58gJ6iVO5F9pFCDsr7
grease,Grease (reprise),The Chicago Performers,https://open.spotify.com/track/5pR3h5abbeIp2Wk9LJ6o3u
dazed and confused,Sweet Emotion,Aerosmith,https://open.spotify.com/track/24NwBd5vZ2CK8VOQVnqdxr
dazed and confused,Highway Star,Deep Purple,https://open.spotify.com/track/4gVTozEmzwAUXpwj3jEetX
dazed and confused,School's Out,Alice Cooper,https://open.spotify.com/track/7sYK9AWPY6EAsQ9SMmUTLw
dazed and confused,Jim Dandy,Black Oak Arkansas,https://open.spotify.com/track/1V8AIsR3gIiGL0mOZMld9q
dazed and confused,Why Can't We Be Friends,War,https://open.spotify.com/track/0arhqLBYMwyK6rOrGIkrGX
dazed and confused,Stranglehold,Ted Nugent,https://open.spotify.com/track/2f0P7iELCvAlV8j6Z3rGDE
dazed and confused,No More Mr. Nice Guy,Alice Cooper,https://open.spotify.com/track/5D2eCwqbHcqOnfHOCM6TnV
dazed and confused,Do You Feel Like We Do - Live,Peter Frampton,https://open.spotify.com/track/0qqRwBkq7oWv6QnIRLfQKe
dazed and confused,Low Rider,War,https://open.spotify.com/track/2fmMPJb5EzZCx8BcNJvVk4
dazed and confused,Hurricane,Bob Dylan,https://open.spotify.com/track/1lqMLr9Wj7SM2F9AikGcxN
dazed and confused,I Just Want to Make Love to You,Foghat,https://open.spotify.com/track/48MQDFkvHlGnRQyUx6ZXVe
dazed and confused,Love Hurts,Nazareth,https://open.spotify.com/track/1i5oEx2vFczQ2sCY3c6Kn5
dazed and confused,Paranoid - 2016 Remaster,Black Sabbath,https://open.spotify.com/track/1Y373MqadDRtclJNdnUXVc
dazed and confused,There's Never Been Any Reason,Head East,https://open.spotify.com/track/6P7B6uK6ftYsTMOCo4GGfE
dazed and confused,Tush,ZZ Top,https://open.spotify.com/track/1L8kJLp3ExF5ZGHwEZEqHe
dazed and confused,Fox on the Run - Alternate Version,Sweet,https://open.spotify.com/track/4FQf1wrg6xlcfxQC7ZTIpy
dazed and confused,Slow Ride,Foghat,https://open.spotify.com/track/4MYb7NWLwXNDB7bYs3HeX8
dazed and confused,"Rock and Roll, Hoochie Koo",Rick Derringer,https://open.spotify.com/track/57qlkytk7LUfbQcSG1n4c5
dazed and confused,Show Me The Way,Peter Frampton,https://open.spotify.com/track/6BD1X1PeV5UzYUdiVaD2yL
dazed and confused,Lord Have Mercy On My Soul,Black Oak Arkansas,https://open.spotify.com/track/42OcNrgjX5EDYmK72Mxeq3
dazed and confused,Balinese,ZZ Top,https://open.spotify.com/track/3cNHj5ns97x7tJotZ8fkcl
dazed and confused,Rock And Roll All Nite,KISS,https://open.spotify.com/track/6KTv0Z8BmVqM7DPxbGzpVC
dazed and confused,Right Place Wrong Time,Dr. John,https://open.spotify.com/track/0I2ELF6uHlL4ABu9aFiou7
dazed and confused,Living In The U.S.A. - Remastered 1991,Steve Miller Band,https://open.spotify.com/track/7sPOdGBgxpLzsYWRDD59ck
dazed and confused,Hey Baby,Ted Nugent,https://open.spotify.com/track/26arZyeKDvJc6pqjhayXNI
dazed and confused,Cherry Bomb,The Runaways,https://open.spotify.com/track/1fqbgEfUWFwJ6AFaVZ5DMV
dazed and confused,Summer Breeze,Seals and Crofts,https://open.spotify.com/track/01UYpHuzHi4eB9PAbDoPY2
dazed and confused,Tuesday's Gone,Lynyrd Skynyrd,https://open.spotify.com/track/7Mel9ZncELso6w1eNsU9jk
dazed and confused,Free Ride,The Edgar Winter Group,https://open.spotify.com/track/4DhbiXEuV7JxSR0wuqetTa
waynes world,Bohemian Rhapsody - 2011 Remaster,Queen,https://open.spotify.com/track/1pwE0jB6MTtTWx8fzqriAj
waynes world,Hot And Bothered,Cinderella,https://open.spotify.com/track/4L7XVmX0z7Alwc6tjpWZzA
waynes world,Rock Candy,Bulletboys,https://open.spotify.com/track/1CrhesFctWVqua2Q9iqsmi
waynes world,Dream Weaver,Gary Wright,https://open.spotify.com/track/74DrA5fFoGSy4xgkZarZtP
waynes world,Sikamikanico,Red Hot Chili Peppers,https://open.spotify.com/track/5al5Ixvr06j5pIgJZRMMkV
waynes world,Time Machine - Wayne's World Soundtrack Version; 2000 Remaster,Black Sabbath,https://open.spotify.com/track/1YNYls6WZGLdioAY3NMJov
waynes world,Wayne's World Theme - Extended Version,Mike Myers,https://open.spotify.com/track/2wZ1DoIFhiu3OdGBgIAKFH
waynes world,Ballroom Blitz,Tia Carrere,https://open.spotify.com/track/7mH7zpdy4FFmdL37izElST
waynes world,Foxy Lady,Jimi Hendrix,https://open.spotify.com/track/2wwe3sD8mktJEgqRD6IFZR
waynes world,Feed My Frankenstein,Alice Cooper,https://open.spotify.com/track/4xHH8UBxStlp6KfZVr0KKl
waynes world,Ride with Yourself,Rhino Bucket,https://open.spotify.com/track/5kNqKS5CCrT94IRxuXnDCx
waynes world,Loving Your Lovin',Eric Clapton,https://open.spotify.com/track/0B7lr4FxyKG7rDZSvT8fUo
waynes world,Why You Wanna Break My Heart,Tia Carrere,https://open.spotify.com/track/4G6nDMotZyFlErPckGDAQR
waynes world,Everything About You - Dirty Version,Ugly Kid Joe,https://open.spotify.com/track/4iJexqb2oKjIJUQ36bcLr3
waynes world,All Night Thing,Temple Of The Dog,https://open.spotify.com/track/4oDpVLlIzhS0Br0AKvJnp1
waynes world,Cold Chills,Kix,https://open.spotify.com/track/7wKBlAP7KtwORJaA1Vx6D3
waynes world,Dude (Looks Like A Lady),Aerosmith,https://open.spotify.com/track/5Af1el8XZK7PyiUOoy23xg
waynes world,Idiot Summer,Gin Blossoms,https://open.spotify.com/track/52Zihxks5SfkM2O2X4b9bR
waynes world,Spirit in the Sky,Norman Greenbaum,https://open.spotify.com/track/0Y2SrByf4G3kbq2nBEHQRn
waynes world,Out There,Dinosaur Jr.,https://open.spotify.com/track/0JUxmFruSp0oCX8A7o5QmF
waynes world,Radar Love,Golden Earring,https://open.spotify.com/track/4Zau4QvgyxWiWQ5KQrwL43
waynes world,Can't Get Enough (Remastered Album Version),Bad Company,https://open.spotify.com/track/3tXzOcxvj5XAjwiTiRWUGP
waynes world,Frankenstein,Edgar Winter,https://open.spotify.com/track/2h067EHClrJEvaCIuuJXyQ
waynes world,Shut Up And Dance,Aerosmith,https://open.spotify.com/track/2qT1kuQueDtDwb9yoCxJ1V
waynes world,YMCA,Village People,https://open.spotify.com/track/57Fb4ssvtUDe00VaxgjhUb
high fidelity,Come On Eileen,Dexys Midnight Runners,https://open.spotify.com/track/3MrWxJaD2AT0W9DjWF64Vm
high fidelity,Nikes,Frank Ocean,https://open.spotify.com/track/19YKaevk2bce4odJkP5L22
high fidelity,Dreams,Fleetwood Mac,https://open.spotify.com/track/1lbXEepatjRVjoG8pZMtdp
high fidelity,The Man Who Sold the World - 2015 Remaster,David Bowie,https://open.spotify.com/track/4mWahKerLaVddUjb8d1Q4Q
high fidelity,Heart Of Glass,Blondie,https://open.spotify.com/track/4v2rkl1mC3zVAz0nXMx9r4
high fidelity,IDK You Yet,Alexander 23,https://open.spotify.com/track/47EWMOElkkbMp5m9SBkx7d
high fidelity,Me and My Bitch - 2005 Remaster,The Notorious B.I.G.,https://open.spotify.com/track/0C5IKY0sXz4sg0hpx7HOz0
high fidelity,Too Hood,Gucci Mane,https://open.spotify.com/track/1Pl5Q72esLeSkczgAiBiY2
high fidelity,Somebody Help Me,Otis Brown,https://open.spotify.com/track/2kdW74hWl4csLzEptAB279
high fidelity,After All,Jackson Penn,https://open.spotify.com/track/46YBmcxGOm2B2ZdVRAp4AP
high fidelity,Steppin so Hard,Prophet,https://open.spotify.com/track/4LW83hAiSfu4NWHOJsMMGk
high fidelity,Story Of My Life (feat. Millyz & Xander),Chris Webby,https://open.spotify.com/track/1DrtUYV4YVGuLvZoh8LTmz
high fidelity,Control,Aaron Taos,https://open.spotify.com/track/6jKOxnQ1Pdsr4KblSSeA0j
high fidelity,My Love For You,ESG,https://open.spotify.com/track/3vNKixmCxeRPhbYq1T47sE
high fidelity,Mr. Incredible,Big Yavo,https://open.spotify.com/track/2rIbYyqaNjRqv77OjvW6GJ
high fidelity,Lonely Vibes,Shy Glizzy,https://open.spotify.com/track/0fH67n0kMHc2Zm6bHdagwG
high fidelity,Stay Away (feat. Machine Gun Kelly & Goody Grace),MOD SUN,https://open.spotify.com/track/00okrW9OfjmG0PZJSY3fJd
high fidelity,What Happened - Remix,Luh Soldier,https://open.spotify.com/track/06tWQpKMMFWsugBeiiNDk7
high fidelity,Ice on Me,Dwn2earth,https://open.spotify.com/track/0t19BwHdByfRtERjx9MBgY
high fidelity,Dance in the Shade,Jes Frances,https://open.spotify.com/track/7gJ1NzYAodK9fwKkfSecDH
high fidelity,Show Up,Wyclef Jean,https://open.spotify.com/track/5cGF1HFFXE98sCq9WpAO6K
high fidelity,Yippee Ki Yay (feat. ANoyd),Chris Webby,https://open.spotify.com/track/7nDnGfSJ59ZYyptAOKyscj
high fidelity,Stay At Home,Kyler Fisher,https://open.spotify.com/track/2vBJr7L2RYttSrL2xOogeN
high fidelity,Tears In December,Rence,https://open.spotify.com/track/11cSu6WD6UXzlmymptJse6
high fidelity,Marriott,Lyrica Anderson,https://open.spotify.com/track/6215QhP66pFWuSR2ZclmUm
high fidelity,Can't Call It Mine,redrose the breed,https://open.spotify.com/track/0PFYtZboGIea419YqMGz73
high fidelity,I Just Might Crack,The Makers,https://open.spotify.com/track/34lXzclvRDF7O8Xx0jAnFe
high fidelity,Sunday Morning,Jae Mansa,https://open.spotify.com/track/2WZpJ3rE39p5BSxyKTKzFa
high fidelity,Bobby Brown Goes Down,Frank Zappa,https://open.spotify.com/track/2IBJHglp50a8GxonbKrnPf
high fidelity,INNERSTATE,Zaia,https://open.spotify.com/track/5yQK2KygOPaDjgFutqlqRv
high fidelity,Supplier!,Crisaunt,https://open.spotify.com/track/7hsUgZdfC4j8sqskVr4DUH
high fidelity,Better to Be Evil,aCATnamedFELIX,https://open.spotify.com/track/6ymQdBR7QNzwKxC6MOZeR9
high fidelity,Destination Calabria,MEDIKAL,https://open.spotify.com/track/7pQ4aLqPhmY9YTZ2EmCq9n
high fidelity,New Beginnings,NEFFEX,https://open.spotify.com/track/1umyI924GDJ9cMAIQrJ0uS
high fidelity,Darko - Tommy Trash Remix,Cubic Zirconia,https://open.spotify.com/track/45uikzpNSXd6XgcjkHSF3w
high fidelity,Lui E Lei,Piero Umiliani,https://open.spotify.com/track/7CwBlDpfPEpeAmAO2fE1Ao
high fidelity,On Fire,metr,https://open.spotify.com/track/6kxXgUyPMsP43mbXAMVjWY
high fidelity,OML,Bobby Debarge,https://open.spotify.com/track/4eW6fqxInslKcw3oSk0J81
high fidelity,Happy Birthday to Myself,aCATnamedFELIX,https://open.spotify.com/track/0Xo8IuXorGGOJ4IdqqSgU0
high fidelity,The Real Me,Radio Stars,https://open.spotify.com/track/0BBHfvIk4ECsJjfbD8i7s4
high fidelity,Wings,Menny,https://open.spotify.com/track/4KRSOzozcaBfDmqEj1PLNI
high fidelity,"And We Hear ""I Love You""",Lena Platonos,https://open.spotify.com/track/6Tr31cx6UnS63dGNh4JKXX
high fidelity,everything will be okay,eli.,https://open.spotify.com/track/1f2ZR3OFBoCtru1JnwBhcP
high fidelity,Hustler Blues,Enzo Mcfly,https://open.spotify.com/track/6uN1cZTesRipbAGiFuOVnX
high fidelity,Who Am I (feat. Pete Davidson),Chris Webby,https://open.spotify.com/track/45sC3luwSjMLM3PPoRtVUU
high fidelity,Betrayed,Young Trap,https://open.spotify.com/track/27rGxvzo7evBjw4VPUXZMj
high fidelity,You Make Me Sick,Satan's Rats,https://open.spotify.com/track/2o1rN5QhKveneGrlBZiMYu
high fidelity,I Believe (When I Fall In Love It Will Be Forever),Stevie Wonder,https://open.spotify.com/track/4P3R9J5VGPyAPx9T6ZXAcF
high fidelity,Fkn Around (feat. Megan Thee Stallion),Phony Ppl,https://open.spotify.com/track/1RRlUJMxjp2FmkTExBT2T7
high fidelity,Don't Let Me Be Misunderstood,Nina Simone,https://open.spotify.com/track/7M9pPyt8Gr41THLhbz4NSB
high fidelity,Not Today,Ronnie D'Addario,https://open.spotify.com/track/5VROOH5szDZKWkTxgXyqna
high fidelity,Someone I Don't Know,Nick Lopez,https://open.spotify.com/track/1Z0yjLWMPtYfUhXEuWYStZ
high fidelity,Unsatisfied Woman,Barbara Stant,https://open.spotify.com/track/3PV8Cl7JILjjHB8s1SY8Uh
high fidelity,Feel So Good,Denise Darlington,https://open.spotify.com/track/7yf3sdQWMCIVHBAuYgS2Lg
high fidelity,Long Night,Anonymuz,https://open.spotify.com/track/7pvXQLVAif2UqK4DaiXU3U
high fidelity,Noite Preta,Lula Côrtes,https://open.spotify.com/track/0hvMWuEd9TewusDevYuzFa
high fidelity,Ashamed,Omar Apollo,https://open.spotify.com/track/1bZmbsNqOkfvGGAikytuW2
high fidelity,La forêt,Lescop,https://open.spotify.com/track/3mEb1rDaVl13swOcpkItwJ
high fidelity,Modern Love - 2018 Remaster,David Bowie,https://open.spotify.com/track/3gxEZXUjrNbl3TlSrTGbR5
high fidelity,Didn't I,Darondo,https://open.spotify.com/track/3xBGFVU2b2PV556Q3ebsQH
high fidelity,Pink Moon,Nick Drake,https://open.spotify.com/track/16qzGrIMWoxerw2gnW0zuv
high fidelity,A Million,Saucy Ty,https://open.spotify.com/track/5I3WirF9We9694U8Aa5wwd
high fidelity,I Can't Stand the Rain,Ann Peebles,https://open.spotify.com/track/0CcL4kSHKIEwF3IW0BGgb6
high fidelity,Lovin' You,Minnie Riperton,https://open.spotify.com/track/3ebYtLVuV4HzEZUDcpZB9p
high fidelity,Buchanan Hammer,Los Tones,https://open.spotify.com/track/4YxA2ymhdsh2ROqfkUxmxJ
high fidelity,War Is Hell,Ho99o9,https://open.spotify.com/track/10XIfwzmpn8bFWeHNvbIcq
high fidelity,Prototype,OutKast,https://open.spotify.com/track/1QJb6LWvPXZpTMiqqODqkH
high fidelity,So Blue,Prince,https://open.spotify.com/track/3NX3jLUU2sFQjvDRdoOvEN
high fidelity,Polaroid,Saiah,https://open.spotify.com/track/3mWOd1kXYq5qRwa8sN9lAR
high fidelity,Lilac Fields,Shizaru,https://open.spotify.com/track/4QqnYEvxO7VXzCGIQHn3KG
high fidelity,Arrow Through Me - Remastered 1993,Wings,https://open.spotify.com/track/3NiYvMjp5A3FZmP3dojS8k
high fidelity,Is It Any Wonder?,Durand Jones & The Indications,https://open.spotify.com/track/5dnvWWkwwFJoDDc0QoSbvf
high fidelity,Say You'll Say So,Geoffrey Landers,https://open.spotify.com/track/4NQU8K7P0CTLHTmsUprkbV
high fidelity,Nothing Compares 2 U,Sinéad O'Connor,https://open.spotify.com/track/3nvuPQTw2zuFAVuLsC9IYQ
high fidelity,Virgenes del Sol,Manzanita y su Conjunto,https://open.spotify.com/track/4K5Wd2KkZVomP6i1N9qpTr
high fidelity,I Get Lonely,Janet Jackson,https://open.spotify.com/track/5xLDmkobOw674TLTBBmnuN
high fidelity,Another Night,The Men,https://open.spotify.com/track/3x2kMMjAMfZvgV9PacT3Mw
high fidelity,Make a Smile for Me,Bill Withers,https://open.spotify.com/track/3amYouhrnjq5dAUFRkvYjI
high fidelity,Ram Dancehall,Double Tiger,https://open.spotify.com/track/2JjDHw5iXDqGZL0H4jpU58
high fidelity,Baby Where You Are,Ted Lucas,https://open.spotify.com/track/1WJKoGIVHwYcgMcd1UJGl3
high fidelity,Can You Get to That,Funkadelic,https://open.spotify.com/track/2liDEMyPVzDDLXKUnyiznA
high fidelity,Everybody Dies,World Brain,https://open.spotify.com/track/0a2xTdOUfy3VE8yZ6bFPJw
high fidelity,Duke,Kantata,https://open.spotify.com/track/2AKpEK6ru5xDwAcIAAFX4h
high fidelity,The Chicago Party Theme,Jesus Wayne,https://open.spotify.com/track/0FJWHHknatky4WoGKscJSy
high fidelity,I Want to Hug the Sky,Impala Syndrome,https://open.spotify.com/track/5ROaoSsS4Vs9eturYeQwRS
high fidelity,Merry Go Round,The Equatics,https://open.spotify.com/track/4X4NrHp5VpibgirzuImxXd
high fidelity,Right On,Marvin Gaye,https://open.spotify.com/track/5Yhh8Cfc1gp7oyqzL9T1H0
high fidelity,It's All About You,MUNYA,https://open.spotify.com/track/3hLhotLW0PaS9E1SAh0xQ7
high fidelity,Without Love,Ronnie Taylor,https://open.spotify.com/track/07prwcwv566TyOGLg9VzLg
high fidelity,Once I Had A Love (AKA The Disco Song) - Remastered,Blondie,https://open.spotify.com/track/0UFLbtupYWaDGMS4io94Ml
high fidelity,Come On Down,Awkward Family Portraits,https://open.spotify.com/track/3W97tQY6pc8poOOtW5CbDE
high fidelity,Yesterday's Love,Aura,https://open.spotify.com/track/6gtEPy0tc2zh9Vv1fYpR1A
high fidelity,They Say I'm Different,Betty Davis,https://open.spotify.com/track/7yQpHgbDPweCZhTD5ZtXES
high fidelity,Blessings on Me,Moosh & Twist,https://open.spotify.com/track/5IWL4ykYQMKaD1B9Ht7YQI
high fidelity,De Sol a Sol,Serguei,https://open.spotify.com/track/1A7drF4ACWmDNf5e0fRY1Q
high fidelity,Electric Relaxation,A Tribe Called Quest,https://open.spotify.com/track/0eEXcw3JLVXcRxYrVYMy68
high fidelity,Knuckleheadz (feat. Ghostface Killah & U-God),Raekwon,https://open.spotify.com/track/6f9gbZYbAqHq2rK1ZjZruf
high fidelity,Restraint,The Golden Filter,https://open.spotify.com/track/503IV8BgHYVI3ZN7Crpzbx
high fidelity,Dancing Is The Best Revenge,!!!,https://open.spotify.com/track/2PAn8J9dbmSnR4fLjpgehC
high fidelity,Patience,TEYMORI,https://open.spotify.com/track/4LY8xYSc7vDcJqynACF07s
purple rain,Let's Go Crazy - Special Dance Mix; 2017 Remaster,Prince,https://open.spotify.com/track/6wuqxoGer92sx2uI0R4C7e
purple rain,Jungle Love,The Time,https://open.spotify.com/track/0QUpBXTOdB4JJyTGFN6dH1
purple rain,Take Me with U,Prince,https://open.spotify.com/track/765k9tDIFOnoOfkO2cgitB
purple rain,Possessed,Prince,https://open.spotify.com/track/7LRFpwHtvPl3OoRLpPkpZ1
purple rain,The Beautiful Ones,Prince,https://open.spotify.com/track/1BNtFSws7fjbn9aVBPA79j
purple rain,"God (Love Theme from Purple Rain) - U.K. 12"" B-Side; 2017 Remaster",Prince,https://open.spotify.com/track/3V9yMecVDWLlihk8kRBR3I
purple rain,When Doves Cry,Prince,https://open.spotify.com/track/51H2y6YrNNXcy3dfc3qSbA
purple rain,Father's Song,Prince,https://open.spotify.com/track/5ubBoJzqz6srUEpBrHmLEz
purple rain,Computer Blue - 2015 Paisley Park Remaster,Prince,https://open.spotify.com/track/2j3oQs3RNO3VcMA0YHegJc
purple rain,Darling Nikki - 2015 Paisley Park Remaster,Prince,https://open.spotify.com/track/7IkxG6NGeHh5G3BqTnwVSA
purple rain,Sex Shooter - Originals Version,Prince,https://open.spotify.com/track/5kVXc4xhPasDPqEL40WPWa
purple rain,The Bird,The Time,https://open.spotify.com/track/7o8UELQiECaSiVBztJTRij
purple rain,Purple Rain - 2015 Paisley Park Remaster,Prince,https://open.spotify.com/track/1vfvy1Of0iJLDjh5eMfVyI
purple rain,I Would Die 4 U - 2015 Paisley Park Remaster,Prince,https://open.spotify.com/track/0gncmZNxsrISpW2U39PtF5
purple rain,Baby I'm a Star - 2015 Paisley Park Remaster,Prince,https://open.spotify.com/track/0rNHHt7dB91mVWc9LEDSoP
reservoir dogs,"And Now Little Green Bag... - From ""Reservoir Dogs"" Soundtrack",Steven Wright,https://open.spotify.com/track/7CYjjMHSFF6tpEn7AtBIEG
reservoir dogs,Little Green Bag,George Baker Selection,https://open.spotify.com/track/6mKUGqj2gPtIDJLEYQXuBm
reservoir dogs,Rock Flock Of Five - Reservoir Dogs/Soundtrack Version,Steven Wright,https://open.spotify.com/track/3bmYg8tj985ctrBoAq4fUk
reservoir dogs,Hooked On A Feeling,Blue Swede,https://open.spotify.com/track/5ni9NhoYAAvjTE27GwepS7
reservoir dogs,"Bohemiath - From ""Reservoir Dogs"" Soundtrack",Steven Wright,https://open.spotify.com/track/76zRp7yYRW8HZ8TLpNx64i
reservoir dogs,I Gotcha,Joe Tex,https://open.spotify.com/track/1KaPW7keRgU1I5j3mQSsL9
reservoir dogs,Magic Carpet Ride,Bedlam,https://open.spotify.com/track/53y8Wbr1lQUJVFIiGN3DDO
reservoir dogs,"Madonna Speech - From ""Reservoir Dogs"" Soundtrack",Quentin Tarantino,https://open.spotify.com/track/4ELi3sCQRu7vbwUBEDWb4n
reservoir dogs,Fool For Love,Sandy Rogers,https://open.spotify.com/track/5juY1AUuYyA2CE9HA54iHP
reservoir dogs,"Super Sounds - From ""Reservoir Dogs"" Soundtrack",Steven Wright,https://open.spotify.com/track/2Zysu5OfgoSqSZZdnyZHA6
reservoir dogs,Stuck In The Middle With You,Stealers Wheel,https://open.spotify.com/track/08NLAJTO0CBHd2XLHgLxvX
reservoir dogs,Harvest Moon,Bedlam,https://open.spotify.com/track/3rajIzoZIlXl0QzWmEdYYE
reservoir dogs,"Let's Get A Taco - From ""Reservoir Dogs"" Soundtrack",Harvey Keitel,https://open.spotify.com/track/2qfEFjCyLmVrcOMYH5hnMl
reservoir dogs,"Keep On Truckin' - From ""Reservoir Dogs"" Soundtrack",Steven Wright,https://open.spotify.com/track/11rRwdLzaolo7bnB7wGGNE
reservoir dogs,Coconut,Harry Nilsson,https://open.spotify.com/track/06vBq2MZ0PAesBZkGbDxxi
reservoir dogs,"Home Of Rock - From ""Reservoir Dogs"" Soundtrack",Steven Wright,https://open.spotify.com/track/68kApPM7JmaTpmPIz7CvXw
reservoir dogs,Bang Bang - My Baby Shot Me Down,Nancy Sinatra,https://open.spotify.com/track/1s2I9Q7zAE78m7aVZOq3ug
reservoir dogs,That Certain Female,Charlie Feathers,https://open.spotify.com/track/1aR6KEUmuCvrI5Q7LhmQLN
reservoir dogs,The Grand Duel - Parte Prima,Luis Bacalov,https://open.spotify.com/track/1hJkuyZmeXesANjQuHvbtH
reservoir dogs,Twisted Nerve,Bernard Herrmann,https://open.spotify.com/track/3Y9wdXMh6sNt9fUwUqTqb7
reservoir dogs,Queen Of The Crime Council,Kill Bill Soundtrack,https://open.spotify.com/track/7gwRSZ0EmGWa697ZrE58GA
reservoir dogs,Ode To Oren Ishii (feat. The RZA),Vincent Tempera & Orchestra,https://open.spotify.com/track/25UoJrfeCJKt4bTpzFln8A
reservoir dogs,Run Fay Run,Isaac Hayes,https://open.spotify.com/track/173FQi5O8avUWQt2UFk7Zd
reservoir dogs,Green Hornet,Al Hirt,https://open.spotify.com/track/0Rynk2V7LyLgBUjTMxvbEJ
reservoir dogs,Battle Without Honor Or Humanity,HOTEI,https://open.spotify.com/track/6Q32Vkucx2qeuVyBd3NiFZ
reservoir dogs,Don't Let Me Be Misunderstood,Santa Esmeralda,https://open.spotify.com/track/6rhVKeUhQTGLIRmQOfc9Wo
reservoir dogs,Woo Hoo,The 5.6.7.8's,https://open.spotify.com/track/6S9lcjREUTU4Yv5y7oMcv2
reservoir dogs,Crane/White Lightning,The RZA/Charles Bernstein,https://open.spotify.com/track/7EbPUFnL7ujRxxxElUWZvg
reservoir dogs,The Flower Of Carnage,Meiko Kaji,https://open.spotify.com/track/0RQOZ6q9OTvfQX8HCGzmIB
reservoir dogs,The Lonely Shepherd,Zamfir,https://open.spotify.com/track/3OQEVjVEQ6CvfAJ6XhTs6c
reservoir dogs,You're My Wicked Life,Kill Bill Soundtrack,https://open.spotify.com/track/3ZnpVFHIn6jirInBRRCwrr
reservoir dogs,Ironside - Excerpt,Quincy Jones,https://open.spotify.com/track/0wf11NumAcRRqADlCUBDpU
reservoir dogs,Super 16 - Excerpt,NEU!,https://open.spotify.com/track/1RHXMK6iFO2Qf7ph3a2aTy
reservoir dogs,Yakuza Oren 1,RZA,https://open.spotify.com/track/07prU8izeUwN1xcTuMXvg3
reservoir dogs,Banister Fight,RZA,https://open.spotify.com/track/15BsONOampPaG9qWGftyhB
reservoir dogs,Flip Sting,Kill Bill Soundtrack,https://open.spotify.com/track/5ByyR0yMyYLM0FG3amRG28
reservoir dogs,Sword Swings,Kill Bill Soundtrack,https://open.spotify.com/track/4zEWFiaChRJBI6m0LjQoeG
reservoir dogs,Axe Throws,Kill Bill Soundtrack,https://open.spotify.com/track/0SLo9bQ7DwXUAZYOVa4z33
reservoir dogs,Misirlou,Dick Dale and his Del-Tones,https://open.spotify.com/track/57ZZsfn8bJOLV5HZwNZbhO
reservoir dogs,Bustin' Surfboards,The Tornadoes,https://open.spotify.com/track/0Dz4uuVkAydgDu5pDeR3XV
reservoir dogs,Lonesome Town,Ricky Nelson,https://open.spotify.com/track/56UHBWB5v8eHZ0ytsVGRgM
reservoir dogs,"Bullwinkle, Pt. 2",The Centurians,https://open.spotify.com/track/71nURnxXmdgT7eO36czljf
reservoir dogs,You Never Can Tell,Chuck Berry,https://open.spotify.com/track/6ZYrpw9ZAMhjgCY5ey870W
reservoir dogs,Comanche,The Revels,https://open.spotify.com/track/2Rmyjlu7kXGQd4qTzATZ7a
reservoir dogs,Surf Rider,The Lively Ones,https://open.spotify.com/track/1WV4d5Uv9StGnf8BbgYigB
reservoir dogs,Since I First Met You,The Robins,https://open.spotify.com/track/5g8zwOqlFz8EMSTxJplTeJ
reservoir dogs,Rumble,Link Wray & His Ray Men,https://open.spotify.com/track/6BBI1lFIpB5YI4UZ6UYw5X
reservoir dogs,Out of Limits,The Marketts,https://open.spotify.com/track/2bvBx1fmss19ifYBLhuaH2
reservoir dogs,Unchained (The Payback / Untouchable),James Brown,https://open.spotify.com/track/47Zqlw3jmibtVPy8usPjBj
reservoir dogs,Winged,James Russo,https://open.spotify.com/track/5WRPV0uLJz0tVUqHb79f3X
reservoir dogs,Django,Luis Bacalov,https://open.spotify.com/track/008wXvCVu8W8vCbq5VQDlC
reservoir dogs,The Braying Mule,Ennio Morricone,https://open.spotify.com/track/0lJn8b8MXJYBeGgh9O9vPQ
reservoir dogs,"""In The Case Django, After You...""",Christoph Waltz,https://open.spotify.com/track/6c92bA7ZIRqda1CmxtEHAq
reservoir dogs,Lo Chiamavano King (His Name Is King),Luis Bacalov,https://open.spotify.com/track/342v3Is0g1CfidoxekA4f8
reservoir dogs,Five-Thousand-Dollar Nigga's And Gummy Mouth Bitches,Don Johnson,https://open.spotify.com/track/4DStzFYAzRgiRiIJtENmcm
reservoir dogs,La Corsa (2nd Version),Luis Bacalov,https://open.spotify.com/track/4sf0209tJCWaJBBIGjqkW8
reservoir dogs,Sneaky Schultz And The Demise Of Sharp,Don Straud,https://open.spotify.com/track/4Cq8hOILk53zJbEHBQqphE
reservoir dogs,I Got A Name,Jim Croce,https://open.spotify.com/track/17Zyvm4M0I1BzzfLnoByMN
reservoir dogs,Sister Sara's Theme,Ennio Morricone,https://open.spotify.com/track/6QXNjMhy6Vu43Y3VvrwLoW
reservoir dogs,Too Old To Die Young,Brother Dege,https://open.spotify.com/track/43JngJ3vMsaTL8SiRwEYQp
reservoir dogs,Stephen The Poker Player,Samuel L. Jackson,https://open.spotify.com/track/1ApeI1cGQ9lXp74RczPrZ3
reservoir dogs,Un Monumento,Ennio Morricone,https://open.spotify.com/track/3oVPY25GoirgJH3ImmNgGR
reservoir dogs,Six Shots Two Guns,Samuel L. Jackson,https://open.spotify.com/track/4scKwPV7QJNSdG7nRyuM88
reservoir dogs,TRINITY: TITOLI,Annibale E I Cantori Moderni,https://open.spotify.com/track/26wYTQ1cwPv6nY63Nxzwgg
reservoir dogs,Who Did That to You,Rob Starr & The Hollywood Singers and Orchestra,https://open.spotify.com/track/5UJGLQP5jfMZ5Ag1PpXO9o
pulp fiction,Misirlou,Dick Dale and his Del-Tones,https://open.spotify.com/track/3538ZnMvpmpImrC6rFQgDr
pulp fiction,Jungle Boogie,Kool & The Gang,https://open.spotify.com/track/4qxCDr5DquZsfaK7lvnY9G
pulp fiction,Let's Stay Together,Al Green,https://open.spotify.com/track/3uJ8zHRASayItvcSRh8TIm
pulp fiction,Bustin' Surfboards,The Tornadoes,https://open.spotify.com/track/6HSUnKDA2LLdi5eO6sga30
pulp fiction,Lonesome Town - 1990 Digital Remaster,Ricky Nelson,https://open.spotify.com/track/56XoFI6v7kbGNdM8ALYWof
pulp fiction,Son Of A Preacher Man,Dusty Springfield,https://open.spotify.com/track/0scrtPmtlIVwwk9s4LXJ8n
pulp fiction,"Bullwinkle, Pt. II",The Centurians,https://open.spotify.com/track/5Hn7uZqDarw5VTNX1XluV3
pulp fiction,You Never Can Tell,Chuck Berry,https://open.spotify.com/track/5zBcCuhVgll3iM4aJcaujN
pulp fiction,"Girl, You'll Be a Woman Soon",Urge Overkill,https://open.spotify.com/track/7xmW8gsZgihBHkjHA3U8l7
pulp fiction,If Love Is A Red Dress (Hang Me In Rags),Maria McKee,https://open.spotify.com/track/5ZuEwg2nE2NHBdHeySjaIa
pulp fiction,Flowers On the Wall,The Statler Brothers,https://open.spotify.com/track/7ledv9CTjqdwnvHgRmETyZ
pulp fiction,Surf Rider,The Lively Ones,https://open.spotify.com/track/7sOBuRK26Ov7CR5fRSR7Om
pulp fiction,Rumble,Link Wray,https://open.spotify.com/track/0pxThPQcINQ8bBGFGYMwAD
pulp fiction,Out of Limits,The Marketts,https://open.spotify.com/track/7xAJpAeopaV6rilu3iiwME
pulp fiction,Chick Habit,April March,https://open.spotify.com/track/5fCYk16zvUH0yp4re3SLJm
pulp fiction,Who Is He (And What Is He to You)?,Bill Withers,https://open.spotify.com/track/0lypE5IPrR5T8F67lExDpr
pulp fiction,Long Cool Woman (In a Black Dress) - 1999 Remaster,The Hollies,https://open.spotify.com/track/4OTw5splgMdlYklwHMHxLK
pulp fiction,The Payback,James Brown,https://open.spotify.com/track/0vGuHXYkeghN45pz0SND3k
pulp fiction,Little Green Bag,George Baker Selection,https://open.spotify.com/track/39wnr7crppEjAKAyg1csS7
pulp fiction,I Gotcha,Joe Tex,https://open.spotify.com/track/5fbbE7GmFRfXcaqUK4Pecl
pulp fiction,Green Onions,Booker T. & the M.G.'s,https://open.spotify.com/track/4fQMGlCawbTkH9yPPZ49kP
pulp fiction,Have You Ever Seen The Rain?,Creedence Clearwater Revival,https://open.spotify.com/track/4JuJ9ewGWWGy0U3URuXOSI
pulp fiction,Run Fay Run,Isaac Hayes,https://open.spotify.com/track/20wsyOBewHFZXJdV75vt9K
pulp fiction,Hold Tight!,"Dave Dee, Dozy, Beaky, Mick & Tich",https://open.spotify.com/track/5ixQCurcV2gKLqJGMeLvpz
pulp fiction,Comanche,The Centurians,https://open.spotify.com/track/0vOgMuqEoLlRFSWQwCe7lP
pulp fiction,Riders on the Storm,The Doors,https://open.spotify.com/track/14XWXWv5FoCbFzLksawpEe
pulp fiction,Tennessee Stud,Johnny Cash,https://open.spotify.com/track/5mRBBpUjXN3jHFT5GYNrrk
pulp fiction,Waitin' In School - Remastered,Ricky Nelson,https://open.spotify.com/track/5zYvVUfInIEx5xGR2qe3Ls
pulp fiction,That Certain Female,Charlie Feathers,https://open.spotify.com/track/6ZNCzohlYtVnnHxn0fcQCW
pulp fiction,Silver Edge,Mary McGuinness,https://open.spotify.com/track/3bAQg9syBAsivXJn9hfXvj
pulp fiction,All Along the Watchtower,Jimi Hendrix,https://open.spotify.com/track/7xdLNxZCtY68x5MAOBEmBq
pulp fiction,I’m A Man,Black Strobe,https://open.spotify.com/track/3JVI710efRiB7comD33vD1
pulp fiction,Woo Hoo,The 5.6.7.8's,https://open.spotify.com/track/1GHklAIU9vwEojmaXD0Q8E
pulp fiction,Stuck In The Middle With You,Stealers Wheel,https://open.spotify.com/track/2ckVLgGVh77JtrbEK2W6E3
pulp fiction,Across 110th Street,Bobby Womack,https://open.spotify.com/track/2Q5rvrn3qR5HpLlvz3fcOy
pulp fiction,Cat People (Putting out Fire) - 1999 Remaster,David Bowie,https://open.spotify.com/track/2uki1VRt9gZs2za2VUoBIC
pulp fiction,The Chase,Clinic,https://open.spotify.com/track/7pcCVcfJjcDr8OAIdIGEke
pulp fiction,Too Old to Die Young,Brother Dege,https://open.spotify.com/track/3B9CVXsyyFRVQwCPYbhS9m
pulp fiction,Laundromat,okaywill,https://open.spotify.com/track/6wDbNnzah0y2vBWcs8zJFs
pulp fiction,(Holy Matrimony) Letter To The Firm,Foxy Brown,https://open.spotify.com/track/41OxaMCY6gMKILoNVd2hdP
pulp fiction,Can't Hardly Stand It,Charlie Feathers,https://open.spotify.com/track/4dw16d1A6EA1D2CLR8L85A
pulp fiction,Goodnight Moon,Shivaree,https://open.spotify.com/track/3XpJO7x4y6MLdwo5QU2sA8
pulp fiction,The Love You Save (May Be Your Own),Joe Tex,https://open.spotify.com/track/3kpzIkzbdyDA4ChSR6mLKv
pulp fiction,Somebody to Love,Jefferson Airplane,https://open.spotify.com/track/5q3qYTQHiWceu6zZNZR01I
pulp fiction,The Times They Are A-Changin',Bob Dylan,https://open.spotify.com/track/2HQWTyTz7VRJ8g0wbXcf7A
pulp fiction,Street Life,Randy Crawford,https://open.spotify.com/track/4CWUGKyUi4aJOq7tF6HAIF
pulp fiction,The Last Race,Jack Nitzsche,https://open.spotify.com/track/03HiXdvB7axCbFHO8NDcmJ
pulp fiction,Adrenaline,PLYA,https://open.spotify.com/track/7sDjju2TKz3Iod8i131nND
pulp fiction,Nobody But Me,The Human Beinz,https://open.spotify.com/track/4QkvD53COA5qLA7rQ1Pa7D
pulp fiction,Ain't No Grave,Johnny Cash,https://open.spotify.com/track/1xADYlM5rjnbJvAW2tc0qF
pulp fiction,Hooked On A Feeling,Blue Swede,https://open.spotify.com/track/5rpSeu8f0xuOPgDKukNmxj
pulp fiction,Good Vibrations - Remastered,The Beach Boys,https://open.spotify.com/track/5t9KYe0Fhd5cW6UYT4qP8f
pulp fiction,Too Old To Die Young,Brother Dege,https://open.spotify.com/track/43JngJ3vMsaTL8SiRwEYQp
pulp fiction,Coconut,Harry Nilsson,https://open.spotify.com/track/7eth0jUe6YneLljRNBeplO
pulp fiction,Sympathy For The Devil,The Rolling Stones,https://open.spotify.com/track/75zMKn5euxQdlkZgu4P42J
pulp fiction,Dark Night,The Blasters,https://open.spotify.com/track/3dKGK0ALdWHldGJEXpwt3K
pulp fiction,Off My Mind,Aaron Taos,https://open.spotify.com/track/4kIcTrOYInlXjNtiAtbJIQ
pulp fiction,For What It's Worth,Buffalo Springfield,https://open.spotify.com/track/1qRA5BS78u3gME0loMl9AA
pulp fiction,Baby Doll,The Buttertones,https://open.spotify.com/track/4tpRJWUCiiaCrTBkbHmd8E
pulp fiction,Hey Little Girl,Dee Clark,https://open.spotify.com/track/2C2otrZhoG07FYzgHpLRgS
pulp fiction,Dancing Queen,ABBA,https://open.spotify.com/track/4NtUY5IGzHCaqfZemmAu56
pulp fiction,Hector,The Village Callers,https://open.spotify.com/track/0b0D2vtzf5nmxPMdny3uaU
pulp fiction,"Sugar, Sugar",The Archies,https://open.spotify.com/track/4GAI8BxeMgrvhZNEU59UfR
pulp fiction,Funky Fanfare,Keith Mansfield,https://open.spotify.com/track/3Vr406z58yyyO2Ofh1fbqA
pulp fiction,Mexican Blackbird - 2005 Remaster,ZZ Top,https://open.spotify.com/track/7rbm9b3fLOKCCBqNFVdkWV
pulp fiction,All Your Secrets,SAKIMA,https://open.spotify.com/track/4kd1bfCHhAFuaGiYEIAste
pulp fiction,Mary Had A Little Lamb,Buddy Guy,https://open.spotify.com/track/6TNNss0QAjTi14I5CVfMpJ
pulp fiction,Lo Chiamavano King (His Name Is King),Luis Bacalov,https://open.spotify.com/track/342v3Is0g1CfidoxekA4f8
pulp fiction,Respect,Aretha Franklin,https://open.spotify.com/track/3OYh9wHWqWD6bpmO3WQNlM
pulp fiction,About Her,Malcolm McLaren,https://open.spotify.com/track/0WN1ICX0u0NenOccX8gRp3
pulp fiction,Crane/White Lightning,The RZA/Charles Bernstein,https://open.spotify.com/track/7EbPUFnL7ujRxxxElUWZvg
pulp fiction,A Fistful of Dollars,The Film Score Orchestra,https://open.spotify.com/track/6Yz4dAHDOX8oPmtn580HG1
pulp fiction,"Paint It, Black",The Rolling Stones,https://open.spotify.com/track/63T7DJ1AFDD6Bn8VzG6JE8
pulp fiction,Foolish Heart,The Mavericks,https://open.spotify.com/track/46gsGxk2iUctmgJUmQRTKz
pulp fiction,No Longer Lovers,Kassandra,https://open.spotify.com/track/0HEDlIypVDBfHsITQTtXza
pulp fiction,Stand by Me,Ben E. King,https://open.spotify.com/track/3SdTKo2uVsxFblQjpScoHy
pulp fiction,You Keep Me Hangin' On - Single Version,Vanilla Fudge,https://open.spotify.com/track/059LGQd42y87hQMHQyJGSU
pulp fiction,The Chain - 2004 Remaster,Fleetwood Mac,https://open.spotify.com/track/5e9TFTbltYBg2xThimr0rU
pulp fiction,She's Just Killing Me,ZZ Top,https://open.spotify.com/track/0ih7vuNB91mvoJ7D6raq0q
pulp fiction,Last: The Lonely Shepherd,James Last,https://open.spotify.com/track/199BYViN6ijOKv5QlMFNJX
pulp fiction,"Urami Bushi - + Hidden Track ""Black Mamba""",Meiko Kaji,https://open.spotify.com/track/33ndSgSGGxV5sBpLh8anAB
pulp fiction,The Ecstasy Of Gold,Ennio Morricone,https://open.spotify.com/track/6PrKZUXJPmBiobMN44yR8Y
pulp fiction,Fire And Brimstone,Link Wray,https://open.spotify.com/track/3bEECCaIejir3Amq4iTpCg
pulp fiction,Cinnamon,Hurley Mower,https://open.spotify.com/track/45iWrKn5A3miPB9H5KZ2IF
pulp fiction,Get It On,T. Rex,https://open.spotify.com/track/0LoQuiekvzqx7n8flgEKzF
pulp fiction,Don't Let Me Be Misunderstood,Santa Esmeralda,https://open.spotify.com/track/1syNzHIZtwHrVCuEPZEgFg
pulp fiction,How Soon Is Now? - 2011 Remaster,The Smiths,https://open.spotify.com/track/1YrnDTqvcnUKxAIeXyaEmU
pulp fiction,Straight Shooter,The Mamas & The Papas,https://open.spotify.com/track/5m63cyB8bzbRSEs53K8CxF
pulp fiction,Jenny Take a Ride,Mitch Ryder and The Detroit Wheels,https://open.spotify.com/track/3MyFpXcehGzFDz0aDuogd1
pulp fiction,Son of a Lovin' Man,Buchanan Brothers,https://open.spotify.com/track/70MqJOpUHPB10OzrI06x7U
pulp fiction,"Mr. Sun, Mr. Moon (feat. Mark Lindsay)",Paul Revere & The Raiders,https://open.spotify.com/track/5HmpCr8ZYWu42K8qUdAluG
pulp fiction,Inside My Love - Remastered,Minnie Riperton,https://open.spotify.com/track/7yngji6ogBXvAJdeOSBHAP
pulp fiction,His Name is King - Lo Chiamavano King - Main Titles Song,Luis Bacalov,https://open.spotify.com/track/2RZQICRJJK4NuNfxYUwJeN
pulp fiction,Dreams,Fleetwood Mac,https://open.spotify.com/track/1lbXEepatjRVjoG8pZMtdp
pulp fiction,Hungry,Paul Revere & The Raiders,https://open.spotify.com/track/25nU5mxSzlzyOXzeqx4c5j
pulp fiction,Satisfied Mind,Johnny Cash,https://open.spotify.com/track/4i5U0edk7EZFrgbrV5CiZ6
pulp fiction,Landslide,Fleetwood Mac,https://open.spotify.com/track/5ihS6UUlyQAfmp48eSkxuQ
pulp fiction,California Dreamin' - Single Version,The Mamas & The Papas,https://open.spotify.com/track/1cCaFCpZ8FKdLalzLWrklQ
pulp fiction,Motorcycle Circus,Luis Bacalov,https://open.spotify.com/track/3ONT9bbXlvp118QYHr4f1U
pulp fiction,Good Thing,Paul Revere & The Raiders,https://open.spotify.com/track/2UOijRbR9Ym6gnegBqzpzu
django unchained,Freedom,Anthony Hamilton,https://open.spotify.com/track/6KufYdEosLjK6bEKPyz4oA
django unchained,100 Black Coffins,Rick Ross,https://open.spotify.com/track/3PxesQpKxcxkZAyeo7yjFI
django unchained,Unchained (The Payback / Untouchable),James Brown,https://open.spotify.com/track/1zPkAyWzIAePfmbhHetqK7
django unchained,Too Old To Die Young,Brother Dege,https://open.spotify.com/track/6uBETSZKESX7UziMYjQ2jH
django unchained,Un Monumento,Ennio Morricone,https://open.spotify.com/track/3h3JkahjNlHEppZVe3sz8q
django unchained,I Got A Name,Jim Croce,https://open.spotify.com/track/0BTFSLbKC5VRBNvjnkrfEk
django unchained,TRINITY: TITOLI,Annibale E I Cantori Moderni,https://open.spotify.com/track/69qdnHdVZfLPYCqay4Vnz7
django unchained,Stephen The Poker Player,Samuel L. Jackson,https://open.spotify.com/track/6kKfnq9sbKqO5Z693pZzU9
django unchained,I Giorni Dell’ira,Riz Ortolani,https://open.spotify.com/track/0wArwX2KTJKsLfW4QwFD1X
django unchained,Nicaragua,Jerry Goldsmith,https://open.spotify.com/track/6OOajAxP7iGn69ulNrxGtE
django unchained,Hildi's Hot Box,Samuel L. Jackson,https://open.spotify.com/track/4y4IBXvmDJo90IMlyPhT3f
django unchained,Sister Sara's Theme,Ennio Morricone,https://open.spotify.com/track/18MrU2tqN2HAAGQgqdWojh
django unchained,Ancora Qui,Elisa Toffoli,https://open.spotify.com/track/31yRCgI8Rzeb67OH36XzF6
django unchained,Django,Luis Bacalov,https://open.spotify.com/track/6I2BDcHnG8De0Kn7mVSNZE
django unchained,The Braying Mule,Ennio Morricone,https://open.spotify.com/track/3bbLUGBH67ko5kKZqLYEg6
django unchained,Lo Chiamavano King (His Name Is King),Luis Bacalov,https://open.spotify.com/track/5FIpDMeiZGa1VR9S6XOP7b
django unchained,La Corsa (2nd Version),Luis Bacalov,https://open.spotify.com/track/0xs2yNZ7cFWwUfjY1s44hT
django unchained,La Corsa (2nd Version),Luis Bacalov,https://open.spotify.com/track/6rd8zK0lJxsRSFel9pZdWs
django unchained,"""In The Case Django, After You...""",Christoph Waltz,https://open.spotify.com/track/6c92bA7ZIRqda1CmxtEHAq
django unchained,Un monumento,Ennio Morricone,https://open.spotify.com/track/6jiOC7swLPJrvsypA9qhPO
strawberry statement,The Circle Game,Buffy Sainte-Marie,https://open.spotify.com/track/3IVpr7fNKL2wIuQ0sQNUIS
strawberry statement,Our House,"Crosby, Stills, Nash & Young",https://open.spotify.com/track/2hitsKa8SthKhRJBXUHbIv
strawberry statement,Down by the River - 2009 Remaster,Neil Young,https://open.spotify.com/track/2EFtUP7BmsjHzhQqI6A4rp
strawberry statement,Long Time Gone - 2005 Remaster,"Crosby, Stills & Nash",https://open.spotify.com/track/1zMfsMdwkSLvuqcCVEZGlT
strawberry statement,Something In The Air,Thunderclap Newman,https://open.spotify.com/track/0emd9tHSVP4dK6UG4pcOFD
strawberry statement,"Also sprach Zarathustra, Op.30, TrV 176: Prelude (Sonnenaufgang)",Richard Strauss,https://open.spotify.com/track/3QVglLsbiwAk6lIpXrblVd
strawberry statement,The Loner - 2009 Remaster,Neil Young,https://open.spotify.com/track/22KcZ7xzhWi3Wif7cC4x5U
strawberry statement,Fishin' Blues,The Lovin' Spoonful,https://open.spotify.com/track/503O3QCKIwvjse3dSsgeM7
strawberry statement,Helpless,"Crosby, Stills, Nash & Young",https://open.spotify.com/track/3gQMqeXqiHFCafaTtFnHF8
strawberry statement,Give Peace A Chance,The Plastic Ono Band,https://open.spotify.com/track/0sUQj8SflMlJrqJE7Z4u9o
woman in red,Love Light In Flight,Stevie Wonder,https://open.spotify.com/track/5TKz8J4Noz4nZSFIOpHpMm
woman in red,I Just Called To Say I Love You,Stevie Wonder,https://open.spotify.com/track/0kVE2yBjTwnFqbsrXRKg5Y
woman in red,The Woman In Red,Stevie Wonder,https://open.spotify.com/track/6gSyMkXUi4J3cJIF4CEO6O
woman in red,It's You,Stevie Wonder,https://open.spotify.com/track/0TmRAPlvxYpovR8ii7Fwwx
woman in red,Weakness,Stevie Wonder,https://open.spotify.com/track/3m7HiDZVPp84W5MWw5bgtk
woman in red,Moments Aren't Moments,Dionne Warwick,https://open.spotify.com/track/1cir9MQTiVjpRNu3pbTRhW
woman in red,It's More Than You - Instrumental Version,Stevie Wonder,https://open.spotify.com/track/5K3TneUET8npb31fiMFNF9
woman in red,Don't Drive Drunk,Stevie Wonder,https://open.spotify.com/track/2AICSVrwd3emDpvvnueUJY
woman in red,"I Just Called to Say I Love You - From ""The Woman in Red""",The Sailors,https://open.spotify.com/track/23g5HPpvkHHAcAxPKFzOrK
woman in red,"I Just Called to Say I Love You - Original Soundtrack From ""The Woman in Red""",Wonder,https://open.spotify.com/track/02SP0yPadJFEMfBuk0BccZ
woman in red,"I Just Called to Say I Love You - From ""The Woman in Red""",D'Mixmasters,https://open.spotify.com/track/3VAOJnREzeyOLirQybbXtB
top gun,"Top Gun Anthem - From ""Top Gun"" Original Soundtrack",Harold Faltermeyer,https://open.spotify.com/track/00Y9r5SfbDdEjJhNg7laQr
top gun,"Playing with the Boys - From ""Top Gun"" Original Soundtrack",Kenny Loggins,https://open.spotify.com/track/0Ag8WW9OeJNnq7inwkqaxL
top gun,"Mighty Wings - From ""Top Gun"" Original Soundtrack",Cheap Trick,https://open.spotify.com/track/4rETMmjiQ7NL0KFCIZa5oV
top gun,Heaven in Your Eyes,Loverboy,https://open.spotify.com/track/11DFnOWr3ZCeCPTMXLSWeg
top gun,"Through the Fire - From ""Top Gun"" Original Soundtrack",Larry Greene,https://open.spotify.com/track/6xdAWJnUp8xTBaczUO8sLx
top gun,Give,Unless You Crave Danger,https://open.spotify.com/track/63ZVUETp5gKCjALdEqYaPd
top gun,"Destination Unknown - From ""Top Gun"" Original Soundtrack",Marietta Waters,https://open.spotify.com/track/1CuO4jLfuEggtIvomrqkC4
top gun,Not Your Man,Pete Muller,https://open.spotify.com/track/3WOWG96tg8pbJCU7FYVqqZ
top gun,Voices,Aryak,https://open.spotify.com/track/5kQayp73eHKOjtPqlJVoig
top gun,"Take My Breath Away - Love Theme from ""Top Gun""",Berlin,https://open.spotify.com/track/15MJ5NThPjj6xhPcts8MiY
top gun,Alone,Catatoneya,https://open.spotify.com/track/1H9z3HQIfWhmU9Hr3iKvMq
top gun,Overdrive,My Elegant Demise,https://open.spotify.com/track/32yTK8vUmRUMbbC3IGcKao
top gun,Closer to You,Dylan Joseph,https://open.spotify.com/track/2UtbUm6JOfxZXqESmriz82
top gun,"Hot Summer Nights - From ""Top Gun"" Original Soundtrack",Miami Sound Machine,https://open.spotify.com/track/0LpFFaWnSBqU4MCqwKaRQC
top gun,"Lead Me On - From ""Top Gun"" Original Soundtrack",Teena Marie,https://open.spotify.com/track/3dTI1IBvXCD6DOwcDZTDD4
top gun,"Memories - From ""Top Gun"" Original Soundtrack",Harold Faltermeyer,https://open.spotify.com/track/35LXX8Mtv3lu0hYbHPqrTC
top gun,I Wanna Make It,Purple Tone Flower,https://open.spotify.com/track/1Sz2CZDpeXg144qd5f2akm
top gun,Bleeding,J Hault,https://open.spotify.com/track/0PYeEmqrMMeaCPfWLDyvjp
top gun,"Playing with the Boys - 12"" Version",Kenny Loggins,https://open.spotify.com/track/5l9o6d6cRchPUhwQ8C3Ld2
top gun,1982,Southbank Crows,https://open.spotify.com/track/2ofhvdK7sdQEWaOBsg3Gnh
top gun,"Danger Zone - From ""Top Gun"" Original Soundtrack",Kenny Loggins,https://open.spotify.com/track/3hMHG6lx9QHVcfYSUr5PoM
top gun,You've Lost That Lovin' Feelin',The Righteous Brothers,https://open.spotify.com/track/5GMw6X6BbCDGO9gApQYRSa
top gun,Great Balls Of Fire,Jerry Lee Lewis,https://open.spotify.com/track/4S9WWr42OEWNbA7SVt9xEY
top gun,Hungry Eyes,Eric Carmen,https://open.spotify.com/track/31H6au3jhblhr6MMJiXnCq
top gun,Eye of the Tiger,Survivor,https://open.spotify.com/track/2HHtWyy5CgaQbC7XSoOb0e
top gun,"Winner Takes It All - From ""Over The Top"" Soundtrack",Sammy Hagar,https://open.spotify.com/track/0vayo1iHR8vz0S9UGe9Z11
top gun,Never Surrender (From Kickboxer),Stan Bush,https://open.spotify.com/track/3aLuqcqV0rNCb86oXoiGJw
guardians of the galaxy,Mr. Blue Sky,Electric Light Orchestra,https://open.spotify.com/track/2RlgNHKcydI9sayD2Df2xp
guardians of the galaxy,Father And Son,Yusuf / Cat Stevens,https://open.spotify.com/track/19slC7k8bsPOAKDjHYLU2W
guardians of the galaxy,Come A Little Bit Closer,Jay & The Americans,https://open.spotify.com/track/252YuUdUaC5OojaBU0H1CP
guardians of the galaxy,Lake Shore Drive,Aliotta Haynes Jeremiah,https://open.spotify.com/track/46MX86XQqYCZRvwPpeq4Gi
guardians of the galaxy,The Chain - 2004 Remaster,Fleetwood Mac,https://open.spotify.com/track/5e9TFTbltYBg2xThimr0rU
guardians of the galaxy,"I'll Be ""Fine""",Love Ghost,https://open.spotify.com/track/5H4hGm1r0rwwjgBRRMvSnl
guardians of the galaxy,Bring It On Home to Me,Sam Cooke,https://open.spotify.com/track/0WVTQp3SOCuMr08jh1jweV
guardians of the galaxy,Don't Stop Me Now - 2011 Mix,Queen,https://open.spotify.com/track/5T8EDUDqKcs6OSOwEsfqG7
guardians of the galaxy,Southern Nights,Glen Campbell,https://open.spotify.com/track/7kv7zBjMtVf0eIJle2VZxn
guardians of the galaxy,Brandy (You're a Fine Girl),Looking Glass,https://open.spotify.com/track/2BY7ALEWdloFHgQZG6VMLA
guardians of the galaxy,Layne,Spectre Tapes,https://open.spotify.com/track/5V1DaAwtMEGx3H1KMSChpv
guardians of the galaxy,Bohemian Rhapsody - 2011 Mix,Queen,https://open.spotify.com/track/7tFiyTwD0nx5a1eklYtX2J
guardians of the galaxy,Wham Bam Shang-A-Lang,Silver,https://open.spotify.com/track/3qrEG6rQ9Qm72MNWeUKKiU
guardians of the galaxy,Surrender,Cheap Trick,https://open.spotify.com/track/2ccUQnjjNWT0rsNnsBpsCA
guardians of the galaxy,My Sweet Lord - 2014 Mix,George Harrison,https://open.spotify.com/track/0qdQUeKVyevrbKhAo0ibxS
guardians of the galaxy,"Guardians Inferno - From ""Guardians of the Galaxy Vol. 2""",The Sneepers,https://open.spotify.com/track/6vFN0uVMQxHofQFnNhGBq8
guardians of the galaxy,Flash Light,Parliament,https://open.spotify.com/track/6Ie9yuocD61v7hrh02moc6
guardians of the galaxy,The Rubberband Man,The Spinners,https://open.spotify.com/track/13Mzsb8VzRSZ5w3pM48cn6
guardians of the galaxy,Go All The Way,Raspberries,https://open.spotify.com/track/75GQIYnRaBg7ndHxhfYuQy
guardians of the galaxy,I Want You Back,The Jackson 5,https://open.spotify.com/track/2OSfEYKhlSsLx6vn4O75RK
guardians of the galaxy,Hooked on a Feeling,Blue Swede,https://open.spotify.com/track/6Ac4NVYYl2U73QiTt11ZKd
guardians of the galaxy,Fooled Around And Fell In Love,Elvin Bishop,https://open.spotify.com/track/2hE5Lm5XOHR4t3xlhIFauP
guardians of the galaxy,Spirit in the Sky,Norman Greenbaum,https://open.spotify.com/track/1CnTAkLCWL8Uvsr1BDiX8F
guardians of the galaxy,Moonage Daydream - 2012 Remastered Version,David Bowie,https://open.spotify.com/track/3ziCNz5vq8pEeRZjPElfYR
guardians of the galaxy,Fox On The Run,Sweet,https://open.spotify.com/track/66gG8RzSA2sVQwME8e43wX
guardians of the galaxy,Ain't No Mountain High Enough - Mono Version,Marvin Gaye,https://open.spotify.com/track/4njseCGxWeZUksjhrqkleT
guardians of the galaxy,Cherry Bomb,The Runaways,https://open.spotify.com/track/7cdnq45E9aP2XDStHg5vd7
guardians of the galaxy,Come And Get Your Love,Redbone,https://open.spotify.com/track/2T43UrvAg60ubJVo5KQ3t7
guardians of the galaxy,Escape (The Pina Colada Song),Rupert Holmes,https://open.spotify.com/track/5IMtdHjJ1OtkxbGe4zfUxQ
guardians of the galaxy,I'm Not In Love,10cc,https://open.spotify.com/track/1A6Kwtsg3JWKU2KWM2udpM
guardians of the galaxy,O-o-h Child,The Five Stairsteps,https://open.spotify.com/track/74JdR9aXE6I74oS1BVRsvb
guardians of the galaxy,The Boys Are Back In Town,Thin Lizzy,https://open.spotify.com/track/43DeSV93pJPT4lCZaWZ6b1
guardians of the galaxy,Little Ol' Me,Qwiet Type,https://open.spotify.com/track/7HlrkOKdmC5QbY5SW6STm6
guardians of the galaxy,Walk Away,James Gang,https://open.spotify.com/track/5vE4GSOjOXAEhSyizJD3CX
guardians of the galaxy,Funk #49,James Gang,https://open.spotify.com/track/1qqeqeRgn7DFn1LSOA9VBv
guardians of the galaxy,Shake Your Groove Thing,Peaches & Herb,https://open.spotify.com/track/7hzY0LHz8KdEr1PowHhbdu
guardians of the galaxy,Joy To The World,Three Dog Night,https://open.spotify.com/track/2ymeOsYijJz09LfKw3yM2x
guardians of the galaxy,I Will Survive - 1981 Re-recording,Gloria Gaynor,https://open.spotify.com/track/7DD1ojeTUwnW65g5QuZw7X
guardians of the galaxy,"Showtime, A-holes",Tyler Bates,https://open.spotify.com/track/35RaFNWvYLgutIP2sO8axR
guardians of the galaxy,All or Nothing,Julie Elody,https://open.spotify.com/track/0nedK1X2Yy6MC4nmSUb7Nn
guardians of the galaxy,Funk Funk,Cameo,https://open.spotify.com/track/2ettf7qywhnJuavMxZOsWh
guardians of the galaxy,Could It Be I'm Falling in Love,Todd Alsup,https://open.spotify.com/track/5QGSH7lU62QaD1eZ35EbcM
guardians of the galaxy,Overdrive,My Elegant Demise,https://open.spotify.com/track/32yTK8vUmRUMbbC3IGcKao
guardians of the galaxy,My Friend,Hugo Valentine,https://open.spotify.com/track/1xLW2rDNLzA6qk3tNchTlm
guardians of the galaxy,Lemonade,PLVTINUM,https://open.spotify.com/track/0QyjOJoLVY3ENNtvuNF7fl
